﻿<?xml version="1.0" encoding="utf-8"?>
<Movies version="1.1">
  <All_Titles>
    <Movie>
      <ID>1000000029</ID>
      <Title>The Bad Guys</Title>
      <Rating>P13</Rating>
    </Movie>
    <Movie>
      <ID>1000000030</ID>
      <Title>Row 19</Title>
      <Rating>18</Rating>
    </Movie>
    <Movie>
      <ID>1000000032</ID>
      <Title>Just 1 Day</Title>
      <Rating>P13</Rating>
    </Movie>
    <Movie>
      <ID>1000000047</ID>
      <Title>Morbius</Title>
      <Rating>P13</Rating>
    </Movie>
    <Movie>
      <ID>1000000060</ID>
      <Title>Everything Everywhere All At One</Title>
      <Rating>P13</Rating>
    </Movie>
    <Movie>
      <ID>1000000061</ID>
      <Title>Ambulance</Title>
      <Rating>18</Rating>
    </Movie>
    <Movie>
      <ID>1000000093</ID>
      <Title>Fantastic Beasts: The Secrets Of Dumbledore</Title>
      <Rating>P13</Rating>
    </Movie>
    <Movie>
      <ID>1000000094</ID>
      <Title>(Atmos) Fantastic Beasts:The Secrets Of Dumbledore</Title>
      <Rating>P13</Rating>
    </Movie>
    <Movie>
      <ID>1000000096</ID>
      <Title>(Atmos D-Box) Fantastic Beasts: The Secrets of </Title>
      <Rating>P13</Rating>
    </Movie>
    <Movie>
      <ID>1000000104</ID>
      <Title>The Lost City</Title>
      <Rating>P13</Rating>
    </Movie>
    <Movie>
      <ID>1000000109</ID>
      <Title>(Special) The Reason I Jump</Title>
      <Rating>P13</Rating>
    </Movie>
    <Movie>
      <ID>1000000110</ID>
      <Title>Beast</Title>
      <Rating>P13</Rating>
    </Movie>
    <Movie>
      <ID>1000000115</ID>
      <Title>K.G.F: Chapter 2 (Tamil)</Title>
      <Rating>18</Rating>
    </Movie>
    <Movie>
      <ID>1000000117</ID>
      <Title>(Special) Seventeen Power of Love: The Movie</Title>
      <Rating>P13</Rating>
    </Movie>
    <Movie>
      <ID>1000000118</ID>
      <Title>Sonic The Hedgehog 2</Title>
      <Rating>P13</Rating>
    </Movie>
    <Movie>
      <ID>1000000119</ID>
      <Title>(Atmos) Sonic The Hedgehog 2</Title>
      <Rating>P13</Rating>
    </Movie>
    <Movie>
      <ID>1000000121</ID>
      <Title>(Atmos D-Box) Sonic The Hedgehog 2</Title>
      <Rating>P13</Rating>
    </Movie>
    <Movie>
      <ID>1000000127</ID>
      <Title>(Special) Twenty One Pilots Cinema Experience </Title>
      <Rating>NA</Rating>
    </Movie>
    <Movie>
      <ID>69331374</ID>
      <Title>Spider-Man: No Way Home</Title>
      <Rating>P13</Rating>
    </Movie>
    <Movie>
      <ID>69331567</ID>
      <Title>Moonfall</Title>
      <Rating>P13</Rating>
    </Movie>
    <Movie>
      <ID>69331597</ID>
      <Title>Uncharted</Title>
      <Rating>P13</Rating>
    </Movie>
    <Movie>
      <ID>69331608</ID>
      <Title>The Batman</Title>
      <Rating>P13</Rating>
    </Movie>
  </All_Titles>
  <Hall code="1">
    <Show>
      <ID>1000000118</ID>
      <Title>Sonic The Hedgehog 2</Title>
      <Date_Time>2022-04-19T10:10:00+08:00</Date_Time>
      <Tickets_Sold>9</Tickets_Sold>
      <FilmFormat>2D</FilmFormat>
      <Is_Ticket_Sold>1</Is_Ticket_Sold>
    </Show>
    <Show>
      <ID>1000000118</ID>
      <Title>Sonic The Hedgehog 2</Title>
      <Date_Time>2022-04-19T12:50:00+08:00</Date_Time>
      <Tickets_Sold>15</Tickets_Sold>
      <FilmFormat>2D</FilmFormat>
      <Is_Ticket_Sold>1</Is_Ticket_Sold>
    </Show>
    <Show>
      <ID>1000000118</ID>
      <Title>Sonic The Hedgehog 2</Title>
      <Date_Time>2022-04-19T15:30:00+08:00</Date_Time>
      <Tickets_Sold>21</Tickets_Sold>
      <FilmFormat>2D</FilmFormat>
      <Is_Ticket_Sold>1</Is_Ticket_Sold>
    </Show>
    <Show>
      <ID>1000000118</ID>
      <Title>Sonic The Hedgehog 2</Title>
      <Date_Time>2022-04-19T18:10:00+08:00</Date_Time>
      <Tickets_Sold>2</Tickets_Sold>
      <FilmFormat>2D</FilmFormat>
      <Is_Ticket_Sold>1</Is_Ticket_Sold>
    </Show>
    <Show>
      <ID>1000000118</ID>
      <Title>Sonic The Hedgehog 2</Title>
      <Date_Time>2022-04-19T20:50:00+08:00</Date_Time>
      <Tickets_Sold>2</Tickets_Sold>
      <FilmFormat>2D</FilmFormat>
      <Is_Ticket_Sold>1</Is_Ticket_Sold>
    </Show>
    <Show>
      <ID>1000000118</ID>
      <Title>Sonic The Hedgehog 2</Title>
      <Date_Time>2022-04-19T23:35:00+08:00</Date_Time>
      <Tickets_Sold>0</Tickets_Sold>
      <FilmFormat>2D</FilmFormat>
      <Is_Ticket_Sold>0</Is_Ticket_Sold>
    </Show>
  </Hall>
  <Hall code="2">
    <Show>
      <ID>1000000118</ID>
      <Title>Sonic The Hedgehog 2</Title>
      <Date_Time>2022-04-19T10:25:00+08:00</Date_Time>
      <Tickets_Sold>12</Tickets_Sold>
      <FilmFormat>2D</FilmFormat>
      <Is_Ticket_Sold>1</Is_Ticket_Sold>
    </Show>
    <Show>
      <ID>1000000118</ID>
      <Title>Sonic The Hedgehog 2</Title>
      <Date_Time>2022-04-19T13:05:00+08:00</Date_Time>
      <Tickets_Sold>10</Tickets_Sold>
      <FilmFormat>2D</FilmFormat>
      <Is_Ticket_Sold>1</Is_Ticket_Sold>
    </Show>
    <Show>
      <ID>1000000118</ID>
      <Title>Sonic The Hedgehog 2</Title>
      <Date_Time>2022-04-19T15:45:00+08:00</Date_Time>
      <Tickets_Sold>8</Tickets_Sold>
      <FilmFormat>2D</FilmFormat>
      <Is_Ticket_Sold>1</Is_Ticket_Sold>
    </Show>
    <Show>
      <ID>1000000118</ID>
      <Title>Sonic The Hedgehog 2</Title>
      <Date_Time>2022-04-19T18:25:00+08:00</Date_Time>
      <Tickets_Sold>2</Tickets_Sold>
      <FilmFormat>2D</FilmFormat>
      <Is_Ticket_Sold>1</Is_Ticket_Sold>
    </Show>
    <Show>
      <ID>1000000118</ID>
      <Title>Sonic The Hedgehog 2</Title>
      <Date_Time>2022-04-19T21:05:00+08:00</Date_Time>
      <Tickets_Sold>7</Tickets_Sold>
      <FilmFormat>2D</FilmFormat>
      <Is_Ticket_Sold>1</Is_Ticket_Sold>
    </Show>
    <Show>
      <ID>1000000118</ID>
      <Title>Sonic The Hedgehog 2</Title>
      <Date_Time>2022-04-19T23:45:00+08:00</Date_Time>
      <Tickets_Sold>0</Tickets_Sold>
      <FilmFormat>2D</FilmFormat>
      <Is_Ticket_Sold>0</Is_Ticket_Sold>
    </Show>
  </Hall>
  <Hall code="3">
    <Show>
      <ID>1000000093</ID>
      <Title>Fantastic Beasts: The Secrets Of Dumbledore</Title>
      <Date_Time>2022-04-19T11:20:00+08:00</Date_Time>
      <Tickets_Sold>8</Tickets_Sold>
      <FilmFormat>2D</FilmFormat>
      <Is_Ticket_Sold>1</Is_Ticket_Sold>
    </Show>
    <Show>
      <ID>1000000093</ID>
      <Title>Fantastic Beasts: The Secrets Of Dumbledore</Title>
      <Date_Time>2022-04-19T14:25:00+08:00</Date_Time>
      <Tickets_Sold>4</Tickets_Sold>
      <FilmFormat>2D</FilmFormat>
      <Is_Ticket_Sold>1</Is_Ticket_Sold>
    </Show>
    <Show>
      <ID>1000000093</ID>
      <Title>Fantastic Beasts: The Secrets Of Dumbledore</Title>
      <Date_Time>2022-04-19T17:30:00+08:00</Date_Time>
      <Tickets_Sold>0</Tickets_Sold>
      <FilmFormat>2D</FilmFormat>
      <Is_Ticket_Sold>0</Is_Ticket_Sold>
    </Show>
    <Show>
      <ID>1000000093</ID>
      <Title>Fantastic Beasts: The Secrets Of Dumbledore</Title>
      <Date_Time>2022-04-19T20:35:00+08:00</Date_Time>
      <Tickets_Sold>6</Tickets_Sold>
      <FilmFormat>2D</FilmFormat>
      <Is_Ticket_Sold>1</Is_Ticket_Sold>
    </Show>
    <Show>
      <ID>1000000093</ID>
      <Title>Fantastic Beasts: The Secrets Of Dumbledore</Title>
      <Date_Time>2022-04-19T23:40:00+08:00</Date_Time>
      <Tickets_Sold>0</Tickets_Sold>
      <FilmFormat>2D</FilmFormat>
      <Is_Ticket_Sold>0</Is_Ticket_Sold>
    </Show>
  </Hall>
  <Hall code="4">
    <Show>
      <ID>1000000093</ID>
      <Title>Fantastic Beasts: The Secrets Of Dumbledore</Title>
      <Date_Time>2022-04-19T00:00:00+08:00</Date_Time>
      <Tickets_Sold>26</Tickets_Sold>
      <FilmFormat>2D</FilmFormat>
      <Is_Ticket_Sold>1</Is_Ticket_Sold>
    </Show>
    <Show>
      <ID>1000000093</ID>
      <Title>Fantastic Beasts: The Secrets Of Dumbledore</Title>
      <Date_Time>2022-04-19T11:40:00+08:00</Date_Time>
      <Tickets_Sold>13</Tickets_Sold>
      <FilmFormat>2D</FilmFormat>
      <Is_Ticket_Sold>1</Is_Ticket_Sold>
    </Show>
    <Show>
      <ID>1000000093</ID>
      <Title>Fantastic Beasts: The Secrets Of Dumbledore</Title>
      <Date_Time>2022-04-19T14:45:00+08:00</Date_Time>
      <Tickets_Sold>13</Tickets_Sold>
      <FilmFormat>2D</FilmFormat>
      <Is_Ticket_Sold>1</Is_Ticket_Sold>
    </Show>
    <Show>
      <ID>1000000093</ID>
      <Title>Fantastic Beasts: The Secrets Of Dumbledore</Title>
      <Date_Time>2022-04-19T17:50:00+08:00</Date_Time>
      <Tickets_Sold>2</Tickets_Sold>
      <FilmFormat>2D</FilmFormat>
      <Is_Ticket_Sold>1</Is_Ticket_Sold>
    </Show>
    <Show>
      <ID>1000000093</ID>
      <Title>Fantastic Beasts: The Secrets Of Dumbledore</Title>
      <Date_Time>2022-04-19T20:55:00+08:00</Date_Time>
      <Tickets_Sold>6</Tickets_Sold>
      <FilmFormat>2D</FilmFormat>
      <Is_Ticket_Sold>1</Is_Ticket_Sold>
    </Show>
    <Show>
      <ID>1000000093</ID>
      <Title>Fantastic Beasts: The Secrets Of Dumbledore</Title>
      <Date_Time>2022-04-20T00:00:00+08:00</Date_Time>
      <Tickets_Sold>0</Tickets_Sold>
      <FilmFormat>2D</FilmFormat>
      <Is_Ticket_Sold>0</Is_Ticket_Sold>
    </Show>
  </Hall>
  <Hall code="5">
    <Show>
      <ID>69331608</ID>
      <Title>The Batman</Title>
      <Date_Time>2022-04-19T00:00:00+08:00</Date_Time>
      <Tickets_Sold>4</Tickets_Sold>
      <FilmFormat>2D</FilmFormat>
      <Is_Ticket_Sold>1</Is_Ticket_Sold>
    </Show>
    <Show>
      <ID>1000000032</ID>
      <Title>Just 1 Day</Title>
      <Date_Time>2022-04-19T10:35:00+08:00</Date_Time>
      <Tickets_Sold>13</Tickets_Sold>
      <FilmFormat>2D</FilmFormat>
      <Is_Ticket_Sold>1</Is_Ticket_Sold>
    </Show>
    <Show>
      <ID>1000000030</ID>
      <Title>Row 19</Title>
      <Date_Time>2022-04-19T12:50:00+08:00</Date_Time>
      <Tickets_Sold>7</Tickets_Sold>
      <FilmFormat>2D</FilmFormat>
      <Is_Ticket_Sold>1</Is_Ticket_Sold>
    </Show>
    <Show>
      <ID>1000000029</ID>
      <Title>The Bad Guys</Title>
      <Date_Time>2022-04-19T14:45:00+08:00</Date_Time>
      <Tickets_Sold>18</Tickets_Sold>
      <FilmFormat>2D</FilmFormat>
      <Is_Ticket_Sold>1</Is_Ticket_Sold>
    </Show>
    <Show>
      <ID>1000000117</ID>
      <Title>(Special) Seventeen Power of Love: The Movie</Title>
      <Date_Time>2022-04-20T10:35:00+08:00</Date_Time>
      <Tickets_Sold>42</Tickets_Sold>
      <FilmFormat>2D</FilmFormat>
      <Is_Ticket_Sold>1</Is_Ticket_Sold>
    </Show>
    <Show>
      <ID>1000000117</ID>
      <Title>(Special) Seventeen Power of Love: The Movie</Title>
      <Date_Time>2022-04-20T18:05:00+08:00</Date_Time>
      <Tickets_Sold>24</Tickets_Sold>
      <FilmFormat>2D</FilmFormat>
      <Is_Ticket_Sold>1</Is_Ticket_Sold>
    </Show>
    <Show>
      <ID>1000000117</ID>
      <Title>(Special) Seventeen Power of Love: The Movie</Title>
      <Date_Time>2022-04-20T20:35:00+08:00</Date_Time>
      <Tickets_Sold>47</Tickets_Sold>
      <FilmFormat>2D</FilmFormat>
      <Is_Ticket_Sold>1</Is_Ticket_Sold>
    </Show>
    <Show>
      <ID>1000000117</ID>
      <Title>(Special) Seventeen Power of Love: The Movie</Title>
      <Date_Time>2022-04-20T23:05:00+08:00</Date_Time>
      <Tickets_Sold>0</Tickets_Sold>
      <FilmFormat>2D</FilmFormat>
      <Is_Ticket_Sold>0</Is_Ticket_Sold>
    </Show>
    <Show>
      <ID>1000000117</ID>
      <Title>(Special) Seventeen Power of Love: The Movie</Title>
      <Date_Time>2022-04-21T11:25:00+08:00</Date_Time>
      <Tickets_Sold>35</Tickets_Sold>
      <FilmFormat>2D</FilmFormat>
      <Is_Ticket_Sold>1</Is_Ticket_Sold>
    </Show>
    <Show>
      <ID>1000000117</ID>
      <Title>(Special) Seventeen Power of Love: The Movie</Title>
      <Date_Time>2022-04-21T18:15:00+08:00</Date_Time>
      <Tickets_Sold>34</Tickets_Sold>
      <FilmFormat>2D</FilmFormat>
      <Is_Ticket_Sold>1</Is_Ticket_Sold>
    </Show>
    <Show>
      <ID>1000000117</ID>
      <Title>(Special) Seventeen Power of Love: The Movie</Title>
      <Date_Time>2022-04-21T22:50:00+08:00</Date_Time>
      <Tickets_Sold>0</Tickets_Sold>
      <FilmFormat>2D</FilmFormat>
      <Is_Ticket_Sold>0</Is_Ticket_Sold>
    </Show>
    <Show>
      <ID>1000000117</ID>
      <Title>(Special) Seventeen Power of Love: The Movie</Title>
      <Date_Time>2022-04-22T11:25:00+08:00</Date_Time>
      <Tickets_Sold>32</Tickets_Sold>
      <FilmFormat>2D</FilmFormat>
      <Is_Ticket_Sold>1</Is_Ticket_Sold>
    </Show>
    <Show>
      <ID>1000000117</ID>
      <Title>(Special) Seventeen Power of Love: The Movie</Title>
      <Date_Time>2022-04-22T18:15:00+08:00</Date_Time>
      <Tickets_Sold>43</Tickets_Sold>
      <FilmFormat>2D</FilmFormat>
      <Is_Ticket_Sold>1</Is_Ticket_Sold>
    </Show>
    <Show>
      <ID>1000000117</ID>
      <Title>(Special) Seventeen Power of Love: The Movie</Title>
      <Date_Time>2022-04-22T22:50:00+08:00</Date_Time>
      <Tickets_Sold>15</Tickets_Sold>
      <FilmFormat>2D</FilmFormat>
      <Is_Ticket_Sold>1</Is_Ticket_Sold>
    </Show>
    <Show>
      <ID>1000000117</ID>
      <Title>(Special) Seventeen Power of Love: The Movie</Title>
      <Date_Time>2022-04-23T11:25:00+08:00</Date_Time>
      <Tickets_Sold>50</Tickets_Sold>
      <FilmFormat>2D</FilmFormat>
      <Is_Ticket_Sold>1</Is_Ticket_Sold>
    </Show>
    <Show>
      <ID>1000000117</ID>
      <Title>(Special) Seventeen Power of Love: The Movie</Title>
      <Date_Time>2022-04-23T18:15:00+08:00</Date_Time>
      <Tickets_Sold>49</Tickets_Sold>
      <FilmFormat>2D</FilmFormat>
      <Is_Ticket_Sold>1</Is_Ticket_Sold>
    </Show>
    <Show>
      <ID>1000000117</ID>
      <Title>(Special) Seventeen Power of Love: The Movie</Title>
      <Date_Time>2022-04-23T22:50:00+08:00</Date_Time>
      <Tickets_Sold>21</Tickets_Sold>
      <FilmFormat>2D</FilmFormat>
      <Is_Ticket_Sold>1</Is_Ticket_Sold>
    </Show>
    <Show>
      <ID>1000000117</ID>
      <Title>(Special) Seventeen Power of Love: The Movie</Title>
      <Date_Time>2022-04-24T11:25:00+08:00</Date_Time>
      <Tickets_Sold>49</Tickets_Sold>
      <FilmFormat>2D</FilmFormat>
      <Is_Ticket_Sold>1</Is_Ticket_Sold>
    </Show>
    <Show>
      <ID>1000000117</ID>
      <Title>(Special) Seventeen Power of Love: The Movie</Title>
      <Date_Time>2022-04-24T18:15:00+08:00</Date_Time>
      <Tickets_Sold>42</Tickets_Sold>
      <FilmFormat>2D</FilmFormat>
      <Is_Ticket_Sold>1</Is_Ticket_Sold>
    </Show>
    <Show>
      <ID>1000000117</ID>
      <Title>(Special) Seventeen Power of Love: The Movie</Title>
      <Date_Time>2022-04-24T22:50:00+08:00</Date_Time>
      <Tickets_Sold>12</Tickets_Sold>
      <FilmFormat>2D</FilmFormat>
      <Is_Ticket_Sold>1</Is_Ticket_Sold>
    </Show>
  </Hall>
  <Hall code="6">
    <Show>
      <ID>1000000060</ID>
      <Title>Everything Everywhere All At One</Title>
      <Date_Time>2022-04-19T00:30:00+08:00</Date_Time>
      <Tickets_Sold>9</Tickets_Sold>
      <FilmFormat>2D</FilmFormat>
      <Is_Ticket_Sold>1</Is_Ticket_Sold>
    </Show>
    <Show>
      <ID>1000000060</ID>
      <Title>Everything Everywhere All At One</Title>
      <Date_Time>2022-04-19T12:30:00+08:00</Date_Time>
      <Tickets_Sold>11</Tickets_Sold>
      <FilmFormat>2D</FilmFormat>
      <Is_Ticket_Sold>1</Is_Ticket_Sold>
    </Show>
    <Show>
      <ID>1000000060</ID>
      <Title>Everything Everywhere All At One</Title>
      <Date_Time>2022-04-19T15:30:00+08:00</Date_Time>
      <Tickets_Sold>23</Tickets_Sold>
      <FilmFormat>2D</FilmFormat>
      <Is_Ticket_Sold>1</Is_Ticket_Sold>
    </Show>
    <Show>
      <ID>1000000060</ID>
      <Title>Everything Everywhere All At One</Title>
      <Date_Time>2022-04-19T18:30:00+08:00</Date_Time>
      <Tickets_Sold>2</Tickets_Sold>
      <FilmFormat>2D</FilmFormat>
      <Is_Ticket_Sold>1</Is_Ticket_Sold>
    </Show>
    <Show>
      <ID>1000000060</ID>
      <Title>Everything Everywhere All At One</Title>
      <Date_Time>2022-04-19T21:30:00+08:00</Date_Time>
      <Tickets_Sold>0</Tickets_Sold>
      <FilmFormat>2D</FilmFormat>
      <Is_Ticket_Sold>0</Is_Ticket_Sold>
    </Show>
    <Show>
      <ID>69331608</ID>
      <Title>The Batman</Title>
      <Date_Time>2022-04-20T10:45:00+08:00</Date_Time>
      <Tickets_Sold>0</Tickets_Sold>
      <FilmFormat>2D</FilmFormat>
      <Is_Ticket_Sold>0</Is_Ticket_Sold>
    </Show>
    <Show>
      <ID>69331608</ID>
      <Title>The Batman</Title>
      <Date_Time>2022-04-20T14:30:00+08:00</Date_Time>
      <Tickets_Sold>1</Tickets_Sold>
      <FilmFormat>2D</FilmFormat>
      <Is_Ticket_Sold>1</Is_Ticket_Sold>
    </Show>
    <Show>
      <ID>69331608</ID>
      <Title>The Batman</Title>
      <Date_Time>2022-04-20T18:15:00+08:00</Date_Time>
      <Tickets_Sold>0</Tickets_Sold>
      <FilmFormat>2D</FilmFormat>
      <Is_Ticket_Sold>0</Is_Ticket_Sold>
    </Show>
    <Show>
      <ID>69331608</ID>
      <Title>The Batman</Title>
      <Date_Time>2022-04-20T22:00:00+08:00</Date_Time>
      <Tickets_Sold>2</Tickets_Sold>
      <FilmFormat>2D</FilmFormat>
      <Is_Ticket_Sold>1</Is_Ticket_Sold>
    </Show>
  </Hall>
  <Hall code="7">
    <Show>
      <ID>1000000060</ID>
      <Title>Everything Everywhere All At One</Title>
      <Date_Time>2022-04-19T11:30:00+08:00</Date_Time>
      <Tickets_Sold>38</Tickets_Sold>
      <FilmFormat>2D</FilmFormat>
      <Is_Ticket_Sold>1</Is_Ticket_Sold>
    </Show>
    <Show>
      <ID>1000000060</ID>
      <Title>Everything Everywhere All At One</Title>
      <Date_Time>2022-04-19T14:30:00+08:00</Date_Time>
      <Tickets_Sold>49</Tickets_Sold>
      <FilmFormat>2D</FilmFormat>
      <Is_Ticket_Sold>1</Is_Ticket_Sold>
    </Show>
    <Show>
      <ID>1000000060</ID>
      <Title>Everything Everywhere All At One</Title>
      <Date_Time>2022-04-19T17:30:00+08:00</Date_Time>
      <Tickets_Sold>15</Tickets_Sold>
      <FilmFormat>2D</FilmFormat>
      <Is_Ticket_Sold>1</Is_Ticket_Sold>
    </Show>
    <Show>
      <ID>1000000060</ID>
      <Title>Everything Everywhere All At One</Title>
      <Date_Time>2022-04-19T20:30:00+08:00</Date_Time>
      <Tickets_Sold>36</Tickets_Sold>
      <FilmFormat>2D</FilmFormat>
      <Is_Ticket_Sold>1</Is_Ticket_Sold>
    </Show>
    <Show>
      <ID>1000000060</ID>
      <Title>Everything Everywhere All At One</Title>
      <Date_Time>2022-04-19T23:30:00+08:00</Date_Time>
      <Tickets_Sold>0</Tickets_Sold>
      <FilmFormat>2D</FilmFormat>
      <Is_Ticket_Sold>0</Is_Ticket_Sold>
    </Show>
    <Show>
      <ID>1000000060</ID>
      <Title>Everything Everywhere All At One</Title>
      <Date_Time>2022-04-20T11:30:00+08:00</Date_Time>
      <Tickets_Sold>0</Tickets_Sold>
      <FilmFormat>2D</FilmFormat>
      <Is_Ticket_Sold>0</Is_Ticket_Sold>
    </Show>
    <Show>
      <ID>1000000060</ID>
      <Title>Everything Everywhere All At One</Title>
      <Date_Time>2022-04-20T14:30:00+08:00</Date_Time>
      <Tickets_Sold>0</Tickets_Sold>
      <FilmFormat>2D</FilmFormat>
      <Is_Ticket_Sold>0</Is_Ticket_Sold>
    </Show>
    <Show>
      <ID>1000000060</ID>
      <Title>Everything Everywhere All At One</Title>
      <Date_Time>2022-04-20T17:30:00+08:00</Date_Time>
      <Tickets_Sold>6</Tickets_Sold>
      <FilmFormat>2D</FilmFormat>
      <Is_Ticket_Sold>1</Is_Ticket_Sold>
    </Show>
    <Show>
      <ID>1000000060</ID>
      <Title>Everything Everywhere All At One</Title>
      <Date_Time>2022-04-20T20:30:00+08:00</Date_Time>
      <Tickets_Sold>12</Tickets_Sold>
      <FilmFormat>2D</FilmFormat>
      <Is_Ticket_Sold>1</Is_Ticket_Sold>
    </Show>
  </Hall>
  <Hall code="8">
    <Show>
      <ID>1000000110</ID>
      <Title>Beast</Title>
      <Date_Time>2022-04-19T10:25:00+08:00</Date_Time>
      <Tickets_Sold>13</Tickets_Sold>
      <FilmFormat>2D</FilmFormat>
      <Is_Ticket_Sold>1</Is_Ticket_Sold>
    </Show>
    <Show>
      <ID>1000000110</ID>
      <Title>Beast</Title>
      <Date_Time>2022-04-19T13:45:00+08:00</Date_Time>
      <Tickets_Sold>23</Tickets_Sold>
      <FilmFormat>2D</FilmFormat>
      <Is_Ticket_Sold>1</Is_Ticket_Sold>
    </Show>
    <Show>
      <ID>1000000110</ID>
      <Title>Beast</Title>
      <Date_Time>2022-04-19T17:05:00+08:00</Date_Time>
      <Tickets_Sold>6</Tickets_Sold>
      <FilmFormat>2D</FilmFormat>
      <Is_Ticket_Sold>1</Is_Ticket_Sold>
    </Show>
    <Show>
      <ID>1000000110</ID>
      <Title>Beast</Title>
      <Date_Time>2022-04-19T20:25:00+08:00</Date_Time>
      <Tickets_Sold>0</Tickets_Sold>
      <FilmFormat>2D</FilmFormat>
      <Is_Ticket_Sold>0</Is_Ticket_Sold>
    </Show>
    <Show>
      <ID>1000000110</ID>
      <Title>Beast</Title>
      <Date_Time>2022-04-20T10:25:00+08:00</Date_Time>
      <Tickets_Sold>1</Tickets_Sold>
      <FilmFormat>2D</FilmFormat>
      <Is_Ticket_Sold>1</Is_Ticket_Sold>
    </Show>
    <Show>
      <ID>1000000110</ID>
      <Title>Beast</Title>
      <Date_Time>2022-04-20T13:45:00+08:00</Date_Time>
      <Tickets_Sold>0</Tickets_Sold>
      <FilmFormat>2D</FilmFormat>
      <Is_Ticket_Sold>0</Is_Ticket_Sold>
    </Show>
    <Show>
      <ID>1000000110</ID>
      <Title>Beast</Title>
      <Date_Time>2022-04-20T17:05:00+08:00</Date_Time>
      <Tickets_Sold>0</Tickets_Sold>
      <FilmFormat>2D</FilmFormat>
      <Is_Ticket_Sold>0</Is_Ticket_Sold>
    </Show>
    <Show>
      <ID>1000000110</ID>
      <Title>Beast</Title>
      <Date_Time>2022-04-20T20:25:00+08:00</Date_Time>
      <Tickets_Sold>0</Tickets_Sold>
      <FilmFormat>2D</FilmFormat>
      <Is_Ticket_Sold>0</Is_Ticket_Sold>
    </Show>
  </Hall>
  <Hall code="9">
    <Show>
      <ID>1000000060</ID>
      <Title>Everything Everywhere All At One</Title>
      <Date_Time>2022-04-19T11:00:00+08:00</Date_Time>
      <Tickets_Sold>29</Tickets_Sold>
      <FilmFormat>2D</FilmFormat>
      <Is_Ticket_Sold>1</Is_Ticket_Sold>
    </Show>
    <Show>
      <ID>1000000060</ID>
      <Title>Everything Everywhere All At One</Title>
      <Date_Time>2022-04-19T14:00:00+08:00</Date_Time>
      <Tickets_Sold>23</Tickets_Sold>
      <FilmFormat>2D</FilmFormat>
      <Is_Ticket_Sold>1</Is_Ticket_Sold>
    </Show>
    <Show>
      <ID>1000000060</ID>
      <Title>Everything Everywhere All At One</Title>
      <Date_Time>2022-04-19T17:00:00+08:00</Date_Time>
      <Tickets_Sold>3</Tickets_Sold>
      <FilmFormat>2D</FilmFormat>
      <Is_Ticket_Sold>1</Is_Ticket_Sold>
    </Show>
    <Show>
      <ID>1000000060</ID>
      <Title>Everything Everywhere All At One</Title>
      <Date_Time>2022-04-19T20:00:00+08:00</Date_Time>
      <Tickets_Sold>3</Tickets_Sold>
      <FilmFormat>2D</FilmFormat>
      <Is_Ticket_Sold>1</Is_Ticket_Sold>
    </Show>
    <Show>
      <ID>1000000060</ID>
      <Title>Everything Everywhere All At One</Title>
      <Date_Time>2022-04-19T23:00:00+08:00</Date_Time>
      <Tickets_Sold>0</Tickets_Sold>
      <FilmFormat>2D</FilmFormat>
      <Is_Ticket_Sold>0</Is_Ticket_Sold>
    </Show>
  </Hall>
  <Hall code="10">
    <Show>
      <ID>1000000093</ID>
      <Title>Fantastic Beasts: The Secrets Of Dumbledore</Title>
      <Date_Time>2022-04-19T11:10:00+08:00</Date_Time>
      <Tickets_Sold>17</Tickets_Sold>
      <FilmFormat>2D</FilmFormat>
      <Is_Ticket_Sold>1</Is_Ticket_Sold>
    </Show>
    <Show>
      <ID>1000000093</ID>
      <Title>Fantastic Beasts: The Secrets Of Dumbledore</Title>
      <Date_Time>2022-04-19T14:15:00+08:00</Date_Time>
      <Tickets_Sold>12</Tickets_Sold>
      <FilmFormat>2D</FilmFormat>
      <Is_Ticket_Sold>1</Is_Ticket_Sold>
    </Show>
    <Show>
      <ID>1000000127</ID>
      <Title>(Special) Twenty One Pilots Cinema Experience </Title>
      <Date_Time>2022-05-19T20:00:00+08:00</Date_Time>
      <Tickets_Sold>124</Tickets_Sold>
      <FilmFormat>2D</FilmFormat>
      <Is_Ticket_Sold>1</Is_Ticket_Sold>
    </Show>
    <Show>
      <ID>1000000127</ID>
      <Title>(Special) Twenty One Pilots Cinema Experience </Title>
      <Date_Time>2022-05-19T22:10:00+08:00</Date_Time>
      <Tickets_Sold>44</Tickets_Sold>
      <FilmFormat>2D</FilmFormat>
      <Is_Ticket_Sold>1</Is_Ticket_Sold>
    </Show>
  </Hall>
  <Hall code="11">
    <Show>
      <ID>1000000093</ID>
      <Title>Fantastic Beasts: The Secrets Of Dumbledore</Title>
      <Date_Time>2022-04-19T10:00:00+08:00</Date_Time>
      <Tickets_Sold>56</Tickets_Sold>
      <FilmFormat>2D</FilmFormat>
      <Is_Ticket_Sold>1</Is_Ticket_Sold>
    </Show>
    <Show>
      <ID>1000000093</ID>
      <Title>Fantastic Beasts: The Secrets Of Dumbledore</Title>
      <Date_Time>2022-04-19T13:05:00+08:00</Date_Time>
      <Tickets_Sold>26</Tickets_Sold>
      <FilmFormat>2D</FilmFormat>
      <Is_Ticket_Sold>1</Is_Ticket_Sold>
    </Show>
    <Show>
      <ID>1000000093</ID>
      <Title>Fantastic Beasts: The Secrets Of Dumbledore</Title>
      <Date_Time>2022-04-19T16:10:00+08:00</Date_Time>
      <Tickets_Sold>26</Tickets_Sold>
      <FilmFormat>2D</FilmFormat>
      <Is_Ticket_Sold>1</Is_Ticket_Sold>
    </Show>
    <Show>
      <ID>1000000093</ID>
      <Title>Fantastic Beasts: The Secrets Of Dumbledore</Title>
      <Date_Time>2022-04-19T19:15:00+08:00</Date_Time>
      <Tickets_Sold>15</Tickets_Sold>
      <FilmFormat>2D</FilmFormat>
      <Is_Ticket_Sold>1</Is_Ticket_Sold>
    </Show>
    <Show>
      <ID>1000000093</ID>
      <Title>Fantastic Beasts: The Secrets Of Dumbledore</Title>
      <Date_Time>2022-04-19T22:20:00+08:00</Date_Time>
      <Tickets_Sold>3</Tickets_Sold>
      <FilmFormat>2D</FilmFormat>
      <Is_Ticket_Sold>1</Is_Ticket_Sold>
    </Show>
    <Show>
      <ID>1000000093</ID>
      <Title>Fantastic Beasts: The Secrets Of Dumbledore</Title>
      <Date_Time>2022-04-20T10:00:00+08:00</Date_Time>
      <Tickets_Sold>0</Tickets_Sold>
      <FilmFormat>2D</FilmFormat>
      <Is_Ticket_Sold>0</Is_Ticket_Sold>
    </Show>
    <Show>
      <ID>1000000093</ID>
      <Title>Fantastic Beasts: The Secrets Of Dumbledore</Title>
      <Date_Time>2022-04-20T13:05:00+08:00</Date_Time>
      <Tickets_Sold>1</Tickets_Sold>
      <FilmFormat>2D</FilmFormat>
      <Is_Ticket_Sold>1</Is_Ticket_Sold>
    </Show>
    <Show>
      <ID>1000000093</ID>
      <Title>Fantastic Beasts: The Secrets Of Dumbledore</Title>
      <Date_Time>2022-04-20T16:10:00+08:00</Date_Time>
      <Tickets_Sold>0</Tickets_Sold>
      <FilmFormat>2D</FilmFormat>
      <Is_Ticket_Sold>0</Is_Ticket_Sold>
    </Show>
    <Show>
      <ID>1000000093</ID>
      <Title>Fantastic Beasts: The Secrets Of Dumbledore</Title>
      <Date_Time>2022-04-20T19:15:00+08:00</Date_Time>
      <Tickets_Sold>9</Tickets_Sold>
      <FilmFormat>2D</FilmFormat>
      <Is_Ticket_Sold>1</Is_Ticket_Sold>
    </Show>
    <Show>
      <ID>1000000093</ID>
      <Title>Fantastic Beasts: The Secrets Of Dumbledore</Title>
      <Date_Time>2022-04-20T22:20:00+08:00</Date_Time>
      <Tickets_Sold>9</Tickets_Sold>
      <FilmFormat>2D</FilmFormat>
      <Is_Ticket_Sold>1</Is_Ticket_Sold>
    </Show>
  </Hall>
  <Hall code="12">
    <Show>
      <ID>1000000093</ID>
      <Title>Fantastic Beasts: The Secrets Of Dumbledore</Title>
      <Date_Time>2022-04-19T11:00:00+08:00</Date_Time>
      <Tickets_Sold>100</Tickets_Sold>
      <FilmFormat>2D</FilmFormat>
      <Is_Ticket_Sold>1</Is_Ticket_Sold>
    </Show>
    <Show>
      <ID>1000000093</ID>
      <Title>Fantastic Beasts: The Secrets Of Dumbledore</Title>
      <Date_Time>2022-04-19T14:05:00+08:00</Date_Time>
      <Tickets_Sold>63</Tickets_Sold>
      <FilmFormat>2D</FilmFormat>
      <Is_Ticket_Sold>1</Is_Ticket_Sold>
    </Show>
    <Show>
      <ID>1000000093</ID>
      <Title>Fantastic Beasts: The Secrets Of Dumbledore</Title>
      <Date_Time>2022-04-19T17:10:00+08:00</Date_Time>
      <Tickets_Sold>20</Tickets_Sold>
      <FilmFormat>2D</FilmFormat>
      <Is_Ticket_Sold>1</Is_Ticket_Sold>
    </Show>
    <Show>
      <ID>1000000093</ID>
      <Title>Fantastic Beasts: The Secrets Of Dumbledore</Title>
      <Date_Time>2022-04-19T20:15:00+08:00</Date_Time>
      <Tickets_Sold>10</Tickets_Sold>
      <FilmFormat>2D</FilmFormat>
      <Is_Ticket_Sold>1</Is_Ticket_Sold>
    </Show>
    <Show>
      <ID>1000000093</ID>
      <Title>Fantastic Beasts: The Secrets Of Dumbledore</Title>
      <Date_Time>2022-04-19T23:20:00+08:00</Date_Time>
      <Tickets_Sold>0</Tickets_Sold>
      <FilmFormat>2D</FilmFormat>
      <Is_Ticket_Sold>0</Is_Ticket_Sold>
    </Show>
    <Show>
      <ID>1000000093</ID>
      <Title>Fantastic Beasts: The Secrets Of Dumbledore</Title>
      <Date_Time>2022-04-20T11:00:00+08:00</Date_Time>
      <Tickets_Sold>14</Tickets_Sold>
      <FilmFormat>2D</FilmFormat>
      <Is_Ticket_Sold>1</Is_Ticket_Sold>
    </Show>
    <Show>
      <ID>1000000093</ID>
      <Title>Fantastic Beasts: The Secrets Of Dumbledore</Title>
      <Date_Time>2022-04-20T14:05:00+08:00</Date_Time>
      <Tickets_Sold>6</Tickets_Sold>
      <FilmFormat>2D</FilmFormat>
      <Is_Ticket_Sold>1</Is_Ticket_Sold>
    </Show>
    <Show>
      <ID>1000000093</ID>
      <Title>Fantastic Beasts: The Secrets Of Dumbledore</Title>
      <Date_Time>2022-04-20T17:10:00+08:00</Date_Time>
      <Tickets_Sold>0</Tickets_Sold>
      <FilmFormat>2D</FilmFormat>
      <Is_Ticket_Sold>0</Is_Ticket_Sold>
    </Show>
    <Show>
      <ID>1000000093</ID>
      <Title>Fantastic Beasts: The Secrets Of Dumbledore</Title>
      <Date_Time>2022-04-20T20:15:00+08:00</Date_Time>
      <Tickets_Sold>29</Tickets_Sold>
      <FilmFormat>2D</FilmFormat>
      <Is_Ticket_Sold>1</Is_Ticket_Sold>
    </Show>
    <Show>
      <ID>1000000093</ID>
      <Title>Fantastic Beasts: The Secrets Of Dumbledore</Title>
      <Date_Time>2022-04-20T23:20:00+08:00</Date_Time>
      <Tickets_Sold>3</Tickets_Sold>
      <FilmFormat>2D</FilmFormat>
      <Is_Ticket_Sold>1</Is_Ticket_Sold>
    </Show>
  </Hall>
  <Hall code="13">
    <Show>
      <ID>1000000093</ID>
      <Title>Fantastic Beasts: The Secrets Of Dumbledore</Title>
      <Date_Time>2022-04-19T11:30:00+08:00</Date_Time>
      <Tickets_Sold>4</Tickets_Sold>
      <FilmFormat>2D</FilmFormat>
      <Is_Ticket_Sold>1</Is_Ticket_Sold>
    </Show>
    <Show>
      <ID>1000000093</ID>
      <Title>Fantastic Beasts: The Secrets Of Dumbledore</Title>
      <Date_Time>2022-04-19T14:35:00+08:00</Date_Time>
      <Tickets_Sold>2</Tickets_Sold>
      <FilmFormat>2D</FilmFormat>
      <Is_Ticket_Sold>1</Is_Ticket_Sold>
    </Show>
    <Show>
      <ID>1000000118</ID>
      <Title>Sonic The Hedgehog 2</Title>
      <Date_Time>2022-04-21T10:05:00+08:00</Date_Time>
      <Tickets_Sold>0</Tickets_Sold>
      <FilmFormat>2D</FilmFormat>
      <Is_Ticket_Sold>0</Is_Ticket_Sold>
    </Show>
    <Show>
      <ID>1000000118</ID>
      <Title>Sonic The Hedgehog 2</Title>
      <Date_Time>2022-04-21T12:50:00+08:00</Date_Time>
      <Tickets_Sold>2</Tickets_Sold>
      <FilmFormat>2D</FilmFormat>
      <Is_Ticket_Sold>1</Is_Ticket_Sold>
    </Show>
    <Show>
      <ID>1000000118</ID>
      <Title>Sonic The Hedgehog 2</Title>
      <Date_Time>2022-04-21T15:35:00+08:00</Date_Time>
      <Tickets_Sold>3</Tickets_Sold>
      <FilmFormat>2D</FilmFormat>
      <Is_Ticket_Sold>1</Is_Ticket_Sold>
    </Show>
    <Show>
      <ID>1000000118</ID>
      <Title>Sonic The Hedgehog 2</Title>
      <Date_Time>2022-04-21T18:20:00+08:00</Date_Time>
      <Tickets_Sold>0</Tickets_Sold>
      <FilmFormat>2D</FilmFormat>
      <Is_Ticket_Sold>0</Is_Ticket_Sold>
    </Show>
    <Show>
      <ID>1000000118</ID>
      <Title>Sonic The Hedgehog 2</Title>
      <Date_Time>2022-04-21T21:05:00+08:00</Date_Time>
      <Tickets_Sold>4</Tickets_Sold>
      <FilmFormat>2D</FilmFormat>
      <Is_Ticket_Sold>1</Is_Ticket_Sold>
    </Show>
    <Show>
      <ID>1000000118</ID>
      <Title>Sonic The Hedgehog 2</Title>
      <Date_Time>2022-04-21T23:50:00+08:00</Date_Time>
      <Tickets_Sold>0</Tickets_Sold>
      <FilmFormat>2D</FilmFormat>
      <Is_Ticket_Sold>0</Is_Ticket_Sold>
    </Show>
    <Show>
      <ID>1000000118</ID>
      <Title>Sonic The Hedgehog 2</Title>
      <Date_Time>2022-04-22T10:05:00+08:00</Date_Time>
      <Tickets_Sold>0</Tickets_Sold>
      <FilmFormat>2D</FilmFormat>
      <Is_Ticket_Sold>0</Is_Ticket_Sold>
    </Show>
    <Show>
      <ID>1000000118</ID>
      <Title>Sonic The Hedgehog 2</Title>
      <Date_Time>2022-04-22T12:50:00+08:00</Date_Time>
      <Tickets_Sold>0</Tickets_Sold>
      <FilmFormat>2D</FilmFormat>
      <Is_Ticket_Sold>0</Is_Ticket_Sold>
    </Show>
    <Show>
      <ID>1000000118</ID>
      <Title>Sonic The Hedgehog 2</Title>
      <Date_Time>2022-04-22T15:35:00+08:00</Date_Time>
      <Tickets_Sold>0</Tickets_Sold>
      <FilmFormat>2D</FilmFormat>
      <Is_Ticket_Sold>0</Is_Ticket_Sold>
    </Show>
    <Show>
      <ID>1000000118</ID>
      <Title>Sonic The Hedgehog 2</Title>
      <Date_Time>2022-04-22T18:20:00+08:00</Date_Time>
      <Tickets_Sold>0</Tickets_Sold>
      <FilmFormat>2D</FilmFormat>
      <Is_Ticket_Sold>0</Is_Ticket_Sold>
    </Show>
    <Show>
      <ID>1000000118</ID>
      <Title>Sonic The Hedgehog 2</Title>
      <Date_Time>2022-04-22T21:05:00+08:00</Date_Time>
      <Tickets_Sold>0</Tickets_Sold>
      <FilmFormat>2D</FilmFormat>
      <Is_Ticket_Sold>0</Is_Ticket_Sold>
    </Show>
    <Show>
      <ID>1000000118</ID>
      <Title>Sonic The Hedgehog 2</Title>
      <Date_Time>2022-04-22T23:50:00+08:00</Date_Time>
      <Tickets_Sold>0</Tickets_Sold>
      <FilmFormat>2D</FilmFormat>
      <Is_Ticket_Sold>0</Is_Ticket_Sold>
    </Show>
    <Show>
      <ID>1000000118</ID>
      <Title>Sonic The Hedgehog 2</Title>
      <Date_Time>2022-04-23T10:05:00+08:00</Date_Time>
      <Tickets_Sold>0</Tickets_Sold>
      <FilmFormat>2D</FilmFormat>
      <Is_Ticket_Sold>0</Is_Ticket_Sold>
    </Show>
    <Show>
      <ID>1000000118</ID>
      <Title>Sonic The Hedgehog 2</Title>
      <Date_Time>2022-04-23T12:50:00+08:00</Date_Time>
      <Tickets_Sold>2</Tickets_Sold>
      <FilmFormat>2D</FilmFormat>
      <Is_Ticket_Sold>1</Is_Ticket_Sold>
    </Show>
    <Show>
      <ID>1000000118</ID>
      <Title>Sonic The Hedgehog 2</Title>
      <Date_Time>2022-04-23T15:35:00+08:00</Date_Time>
      <Tickets_Sold>9</Tickets_Sold>
      <FilmFormat>2D</FilmFormat>
      <Is_Ticket_Sold>1</Is_Ticket_Sold>
    </Show>
    <Show>
      <ID>1000000118</ID>
      <Title>Sonic The Hedgehog 2</Title>
      <Date_Time>2022-04-23T18:20:00+08:00</Date_Time>
      <Tickets_Sold>7</Tickets_Sold>
      <FilmFormat>2D</FilmFormat>
      <Is_Ticket_Sold>1</Is_Ticket_Sold>
    </Show>
    <Show>
      <ID>1000000118</ID>
      <Title>Sonic The Hedgehog 2</Title>
      <Date_Time>2022-04-23T21:05:00+08:00</Date_Time>
      <Tickets_Sold>3</Tickets_Sold>
      <FilmFormat>2D</FilmFormat>
      <Is_Ticket_Sold>1</Is_Ticket_Sold>
    </Show>
    <Show>
      <ID>1000000118</ID>
      <Title>Sonic The Hedgehog 2</Title>
      <Date_Time>2022-04-23T23:50:00+08:00</Date_Time>
      <Tickets_Sold>0</Tickets_Sold>
      <FilmFormat>2D</FilmFormat>
      <Is_Ticket_Sold>0</Is_Ticket_Sold>
    </Show>
    <Show>
      <ID>1000000118</ID>
      <Title>Sonic The Hedgehog 2</Title>
      <Date_Time>2022-04-24T10:05:00+08:00</Date_Time>
      <Tickets_Sold>3</Tickets_Sold>
      <FilmFormat>2D</FilmFormat>
      <Is_Ticket_Sold>1</Is_Ticket_Sold>
    </Show>
    <Show>
      <ID>1000000118</ID>
      <Title>Sonic The Hedgehog 2</Title>
      <Date_Time>2022-04-24T12:50:00+08:00</Date_Time>
      <Tickets_Sold>8</Tickets_Sold>
      <FilmFormat>2D</FilmFormat>
      <Is_Ticket_Sold>1</Is_Ticket_Sold>
    </Show>
    <Show>
      <ID>1000000118</ID>
      <Title>Sonic The Hedgehog 2</Title>
      <Date_Time>2022-04-24T15:35:00+08:00</Date_Time>
      <Tickets_Sold>0</Tickets_Sold>
      <FilmFormat>2D</FilmFormat>
      <Is_Ticket_Sold>0</Is_Ticket_Sold>
    </Show>
    <Show>
      <ID>1000000118</ID>
      <Title>Sonic The Hedgehog 2</Title>
      <Date_Time>2022-04-24T18:20:00+08:00</Date_Time>
      <Tickets_Sold>3</Tickets_Sold>
      <FilmFormat>2D</FilmFormat>
      <Is_Ticket_Sold>1</Is_Ticket_Sold>
    </Show>
    <Show>
      <ID>1000000118</ID>
      <Title>Sonic The Hedgehog 2</Title>
      <Date_Time>2022-04-24T21:05:00+08:00</Date_Time>
      <Tickets_Sold>0</Tickets_Sold>
      <FilmFormat>2D</FilmFormat>
      <Is_Ticket_Sold>0</Is_Ticket_Sold>
    </Show>
    <Show>
      <ID>1000000118</ID>
      <Title>Sonic The Hedgehog 2</Title>
      <Date_Time>2022-04-24T23:50:00+08:00</Date_Time>
      <Tickets_Sold>0</Tickets_Sold>
      <FilmFormat>2D</FilmFormat>
      <Is_Ticket_Sold>0</Is_Ticket_Sold>
    </Show>
  </Hall>
  <Hall code="14">
    <Show>
      <ID>69331374</ID>
      <Title>Spider-Man: No Way Home</Title>
      <Date_Time>2022-04-19T10:55:00+08:00</Date_Time>
      <Tickets_Sold>36</Tickets_Sold>
      <FilmFormat>2D</FilmFormat>
      <Is_Ticket_Sold>1</Is_Ticket_Sold>
    </Show>
    <Show>
      <ID>1000000109</ID>
      <Title>(Special) The Reason I Jump</Title>
      <Date_Time>2022-04-19T14:00:00+08:00</Date_Time>
      <Tickets_Sold>4</Tickets_Sold>
      <FilmFormat>2D</FilmFormat>
      <Is_Ticket_Sold>1</Is_Ticket_Sold>
    </Show>
    <Show>
      <ID>69331567</ID>
      <Title>Moonfall</Title>
      <Date_Time>2022-04-19T15:55:00+08:00</Date_Time>
      <Tickets_Sold>2</Tickets_Sold>
      <FilmFormat>2D</FilmFormat>
      <Is_Ticket_Sold>1</Is_Ticket_Sold>
    </Show>
    <Show>
      <ID>1000000029</ID>
      <Title>The Bad Guys</Title>
      <Date_Time>2022-04-19T18:50:00+08:00</Date_Time>
      <Tickets_Sold>0</Tickets_Sold>
      <FilmFormat>2D</FilmFormat>
      <Is_Ticket_Sold>0</Is_Ticket_Sold>
    </Show>
    <Show>
      <ID>1000000109</ID>
      <Title>(Special) The Reason I Jump</Title>
      <Date_Time>2022-04-19T21:05:00+08:00</Date_Time>
      <Tickets_Sold>0</Tickets_Sold>
      <FilmFormat>2D</FilmFormat>
      <Is_Ticket_Sold>0</Is_Ticket_Sold>
    </Show>
    <Show>
      <ID>69331374</ID>
      <Title>Spider-Man: No Way Home</Title>
      <Date_Time>2022-04-20T10:55:00+08:00</Date_Time>
      <Tickets_Sold>1</Tickets_Sold>
      <FilmFormat>2D</FilmFormat>
      <Is_Ticket_Sold>1</Is_Ticket_Sold>
    </Show>
    <Show>
      <ID>1000000109</ID>
      <Title>(Special) The Reason I Jump</Title>
      <Date_Time>2022-04-20T14:00:00+08:00</Date_Time>
      <Tickets_Sold>0</Tickets_Sold>
      <FilmFormat>2D</FilmFormat>
      <Is_Ticket_Sold>0</Is_Ticket_Sold>
    </Show>
    <Show>
      <ID>69331567</ID>
      <Title>Moonfall</Title>
      <Date_Time>2022-04-20T15:55:00+08:00</Date_Time>
      <Tickets_Sold>1</Tickets_Sold>
      <FilmFormat>2D</FilmFormat>
      <Is_Ticket_Sold>1</Is_Ticket_Sold>
    </Show>
    <Show>
      <ID>1000000029</ID>
      <Title>The Bad Guys</Title>
      <Date_Time>2022-04-20T18:50:00+08:00</Date_Time>
      <Tickets_Sold>0</Tickets_Sold>
      <FilmFormat>2D</FilmFormat>
      <Is_Ticket_Sold>0</Is_Ticket_Sold>
    </Show>
    <Show>
      <ID>1000000109</ID>
      <Title>(Special) The Reason I Jump</Title>
      <Date_Time>2022-04-20T21:05:00+08:00</Date_Time>
      <Tickets_Sold>0</Tickets_Sold>
      <FilmFormat>2D</FilmFormat>
      <Is_Ticket_Sold>0</Is_Ticket_Sold>
    </Show>
  </Hall>
  <Hall code="15">
    <Show>
      <ID>1000000118</ID>
      <Title>Sonic The Hedgehog 2</Title>
      <Date_Time>2022-04-19T00:00:00+08:00</Date_Time>
      <Tickets_Sold>23</Tickets_Sold>
      <FilmFormat>2D</FilmFormat>
      <Is_Ticket_Sold>1</Is_Ticket_Sold>
    </Show>
    <Show>
      <ID>1000000118</ID>
      <Title>Sonic The Hedgehog 2</Title>
      <Date_Time>2022-04-19T10:40:00+08:00</Date_Time>
      <Tickets_Sold>46</Tickets_Sold>
      <FilmFormat>2D</FilmFormat>
      <Is_Ticket_Sold>1</Is_Ticket_Sold>
    </Show>
    <Show>
      <ID>69331597</ID>
      <Title>Uncharted</Title>
      <Date_Time>2022-04-19T13:20:00+08:00</Date_Time>
      <Tickets_Sold>19</Tickets_Sold>
      <FilmFormat>2D</FilmFormat>
      <Is_Ticket_Sold>1</Is_Ticket_Sold>
    </Show>
    <Show>
      <ID>1000000118</ID>
      <Title>Sonic The Hedgehog 2</Title>
      <Date_Time>2022-04-19T15:55:00+08:00</Date_Time>
      <Tickets_Sold>41</Tickets_Sold>
      <FilmFormat>2D</FilmFormat>
      <Is_Ticket_Sold>1</Is_Ticket_Sold>
    </Show>
    <Show>
      <ID>1000000118</ID>
      <Title>Sonic The Hedgehog 2</Title>
      <Date_Time>2022-04-19T18:40:00+08:00</Date_Time>
      <Tickets_Sold>9</Tickets_Sold>
      <FilmFormat>2D</FilmFormat>
      <Is_Ticket_Sold>1</Is_Ticket_Sold>
    </Show>
    <Show>
      <ID>1000000118</ID>
      <Title>Sonic The Hedgehog 2</Title>
      <Date_Time>2022-04-19T21:20:00+08:00</Date_Time>
      <Tickets_Sold>9</Tickets_Sold>
      <FilmFormat>2D</FilmFormat>
      <Is_Ticket_Sold>1</Is_Ticket_Sold>
    </Show>
    <Show>
      <ID>1000000029</ID>
      <Title>The Bad Guys</Title>
      <Date_Time>2022-04-20T11:05:00+08:00</Date_Time>
      <Tickets_Sold>0</Tickets_Sold>
      <FilmFormat>2D</FilmFormat>
      <Is_Ticket_Sold>0</Is_Ticket_Sold>
    </Show>
    <Show>
      <ID>69331597</ID>
      <Title>Uncharted</Title>
      <Date_Time>2022-04-20T13:20:00+08:00</Date_Time>
      <Tickets_Sold>3</Tickets_Sold>
      <FilmFormat>2D</FilmFormat>
      <Is_Ticket_Sold>1</Is_Ticket_Sold>
    </Show>
    <Show>
      <ID>69331597</ID>
      <Title>Uncharted</Title>
      <Date_Time>2022-04-20T15:55:00+08:00</Date_Time>
      <Tickets_Sold>0</Tickets_Sold>
      <FilmFormat>2D</FilmFormat>
      <Is_Ticket_Sold>0</Is_Ticket_Sold>
    </Show>
  </Hall>
  <Hall code="16">
    <Show>
      <ID>1000000047</ID>
      <Title>Morbius</Title>
      <Date_Time>2022-04-19T11:30:00+08:00</Date_Time>
      <Tickets_Sold>10</Tickets_Sold>
      <FilmFormat>2D</FilmFormat>
      <Is_Ticket_Sold>1</Is_Ticket_Sold>
    </Show>
    <Show>
      <ID>1000000047</ID>
      <Title>Morbius</Title>
      <Date_Time>2022-04-19T13:50:00+08:00</Date_Time>
      <Tickets_Sold>14</Tickets_Sold>
      <FilmFormat>2D</FilmFormat>
      <Is_Ticket_Sold>1</Is_Ticket_Sold>
    </Show>
    <Show>
      <ID>1000000047</ID>
      <Title>Morbius</Title>
      <Date_Time>2022-04-19T16:10:00+08:00</Date_Time>
      <Tickets_Sold>2</Tickets_Sold>
      <FilmFormat>2D</FilmFormat>
      <Is_Ticket_Sold>1</Is_Ticket_Sold>
    </Show>
    <Show>
      <ID>1000000047</ID>
      <Title>Morbius</Title>
      <Date_Time>2022-04-19T18:30:00+08:00</Date_Time>
      <Tickets_Sold>4</Tickets_Sold>
      <FilmFormat>2D</FilmFormat>
      <Is_Ticket_Sold>1</Is_Ticket_Sold>
    </Show>
    <Show>
      <ID>1000000047</ID>
      <Title>Morbius</Title>
      <Date_Time>2022-04-20T11:30:00+08:00</Date_Time>
      <Tickets_Sold>0</Tickets_Sold>
      <FilmFormat>2D</FilmFormat>
      <Is_Ticket_Sold>0</Is_Ticket_Sold>
    </Show>
    <Show>
      <ID>1000000047</ID>
      <Title>Morbius</Title>
      <Date_Time>2022-04-20T13:50:00+08:00</Date_Time>
      <Tickets_Sold>1</Tickets_Sold>
      <FilmFormat>2D</FilmFormat>
      <Is_Ticket_Sold>1</Is_Ticket_Sold>
    </Show>
    <Show>
      <ID>1000000047</ID>
      <Title>Morbius</Title>
      <Date_Time>2022-04-20T16:10:00+08:00</Date_Time>
      <Tickets_Sold>2</Tickets_Sold>
      <FilmFormat>2D</FilmFormat>
      <Is_Ticket_Sold>1</Is_Ticket_Sold>
    </Show>
    <Show>
      <ID>1000000047</ID>
      <Title>Morbius</Title>
      <Date_Time>2022-04-20T18:30:00+08:00</Date_Time>
      <Tickets_Sold>0</Tickets_Sold>
      <FilmFormat>2D</FilmFormat>
      <Is_Ticket_Sold>0</Is_Ticket_Sold>
    </Show>
  </Hall>
  <Hall code="17">
    <Show>
      <ID>1000000115</ID>
      <Title>K.G.F: Chapter 2 (Tamil)</Title>
      <Date_Time>2022-04-19T00:15:00+08:00</Date_Time>
      <Tickets_Sold>20</Tickets_Sold>
      <FilmFormat>2D</FilmFormat>
      <Is_Ticket_Sold>1</Is_Ticket_Sold>
    </Show>
    <Show>
      <ID>1000000061</ID>
      <Title>Ambulance</Title>
      <Date_Time>2022-04-19T11:05:00+08:00</Date_Time>
      <Tickets_Sold>7</Tickets_Sold>
      <FilmFormat>2D</FilmFormat>
      <Is_Ticket_Sold>1</Is_Ticket_Sold>
    </Show>
    <Show>
      <ID>1000000115</ID>
      <Title>K.G.F: Chapter 2 (Tamil)</Title>
      <Date_Time>2022-04-19T14:00:00+08:00</Date_Time>
      <Tickets_Sold>26</Tickets_Sold>
      <FilmFormat>2D</FilmFormat>
      <Is_Ticket_Sold>1</Is_Ticket_Sold>
    </Show>
    <Show>
      <ID>1000000115</ID>
      <Title>K.G.F: Chapter 2 (Tamil)</Title>
      <Date_Time>2022-04-19T17:20:00+08:00</Date_Time>
      <Tickets_Sold>2</Tickets_Sold>
      <FilmFormat>2D</FilmFormat>
      <Is_Ticket_Sold>1</Is_Ticket_Sold>
    </Show>
    <Show>
      <ID>1000000115</ID>
      <Title>K.G.F: Chapter 2 (Tamil)</Title>
      <Date_Time>2022-04-19T20:50:00+08:00</Date_Time>
      <Tickets_Sold>7</Tickets_Sold>
      <FilmFormat>2D</FilmFormat>
      <Is_Ticket_Sold>1</Is_Ticket_Sold>
    </Show>
    <Show>
      <ID>1000000061</ID>
      <Title>Ambulance</Title>
      <Date_Time>2022-04-20T11:05:00+08:00</Date_Time>
      <Tickets_Sold>0</Tickets_Sold>
      <FilmFormat>2D</FilmFormat>
      <Is_Ticket_Sold>0</Is_Ticket_Sold>
    </Show>
    <Show>
      <ID>1000000115</ID>
      <Title>K.G.F: Chapter 2 (Tamil)</Title>
      <Date_Time>2022-04-20T14:00:00+08:00</Date_Time>
      <Tickets_Sold>7</Tickets_Sold>
      <FilmFormat>2D</FilmFormat>
      <Is_Ticket_Sold>1</Is_Ticket_Sold>
    </Show>
    <Show>
      <ID>1000000115</ID>
      <Title>K.G.F: Chapter 2 (Tamil)</Title>
      <Date_Time>2022-04-20T17:20:00+08:00</Date_Time>
      <Tickets_Sold>19</Tickets_Sold>
      <FilmFormat>2D</FilmFormat>
      <Is_Ticket_Sold>1</Is_Ticket_Sold>
    </Show>
    <Show>
      <ID>1000000115</ID>
      <Title>K.G.F: Chapter 2 (Tamil)</Title>
      <Date_Time>2022-04-20T20:50:00+08:00</Date_Time>
      <Tickets_Sold>8</Tickets_Sold>
      <FilmFormat>2D</FilmFormat>
      <Is_Ticket_Sold>1</Is_Ticket_Sold>
    </Show>
  </Hall>
  <Hall code="18">
    <Show>
      <ID>1000000094</ID>
      <Title>(Atmos) Fantastic Beasts:The Secrets Of Dumbledore</Title>
      <Date_Time>2022-04-19T00:20:00+08:00</Date_Time>
      <Tickets_Sold>29</Tickets_Sold>
      <FilmFormat>2D</FilmFormat>
      <Is_Ticket_Sold>1</Is_Ticket_Sold>
    </Show>
    <Show>
      <ID>1000000094</ID>
      <Title>(Atmos) Fantastic Beasts:The Secrets Of Dumbledore</Title>
      <Date_Time>2022-04-19T12:00:00+08:00</Date_Time>
      <Tickets_Sold>50</Tickets_Sold>
      <FilmFormat>2D</FilmFormat>
      <Is_Ticket_Sold>1</Is_Ticket_Sold>
    </Show>
    <Show>
      <ID>1000000094</ID>
      <Title>(Atmos) Fantastic Beasts:The Secrets Of Dumbledore</Title>
      <Date_Time>2022-04-19T15:05:00+08:00</Date_Time>
      <Tickets_Sold>44</Tickets_Sold>
      <FilmFormat>2D</FilmFormat>
      <Is_Ticket_Sold>1</Is_Ticket_Sold>
    </Show>
    <Show>
      <ID>1000000094</ID>
      <Title>(Atmos) Fantastic Beasts:The Secrets Of Dumbledore</Title>
      <Date_Time>2022-04-19T18:10:00+08:00</Date_Time>
      <Tickets_Sold>3</Tickets_Sold>
      <FilmFormat>2D</FilmFormat>
      <Is_Ticket_Sold>1</Is_Ticket_Sold>
    </Show>
    <Show>
      <ID>1000000094</ID>
      <Title>(Atmos) Fantastic Beasts:The Secrets Of Dumbledore</Title>
      <Date_Time>2022-04-19T21:15:00+08:00</Date_Time>
      <Tickets_Sold>18</Tickets_Sold>
      <FilmFormat>2D</FilmFormat>
      <Is_Ticket_Sold>1</Is_Ticket_Sold>
    </Show>
    <Show>
      <ID>1000000094</ID>
      <Title>(Atmos) Fantastic Beasts:The Secrets Of Dumbledore</Title>
      <Date_Time>2022-04-20T12:00:00+08:00</Date_Time>
      <Tickets_Sold>2</Tickets_Sold>
      <FilmFormat>2D</FilmFormat>
      <Is_Ticket_Sold>1</Is_Ticket_Sold>
    </Show>
    <Show>
      <ID>1000000094</ID>
      <Title>(Atmos) Fantastic Beasts:The Secrets Of Dumbledore</Title>
      <Date_Time>2022-04-20T15:05:00+08:00</Date_Time>
      <Tickets_Sold>8</Tickets_Sold>
      <FilmFormat>2D</FilmFormat>
      <Is_Ticket_Sold>1</Is_Ticket_Sold>
    </Show>
    <Show>
      <ID>1000000094</ID>
      <Title>(Atmos) Fantastic Beasts:The Secrets Of Dumbledore</Title>
      <Date_Time>2022-04-20T18:10:00+08:00</Date_Time>
      <Tickets_Sold>0</Tickets_Sold>
      <FilmFormat>2D</FilmFormat>
      <Is_Ticket_Sold>0</Is_Ticket_Sold>
    </Show>
    <Show>
      <ID>1000000094</ID>
      <Title>(Atmos) Fantastic Beasts:The Secrets Of Dumbledore</Title>
      <Date_Time>2022-04-20T21:15:00+08:00</Date_Time>
      <Tickets_Sold>6</Tickets_Sold>
      <FilmFormat>2D</FilmFormat>
      <Is_Ticket_Sold>1</Is_Ticket_Sold>
    </Show>
    <Show>
      <ID>1000000094</ID>
      <Title>(Atmos) Fantastic Beasts:The Secrets Of Dumbledore</Title>
      <Date_Time>2022-04-21T00:20:00+08:00</Date_Time>
      <Tickets_Sold>0</Tickets_Sold>
      <FilmFormat>2D</FilmFormat>
      <Is_Ticket_Sold>0</Is_Ticket_Sold>
    </Show>
    <Show>
      <ID>1000000119</ID>
      <Title>(Atmos) Sonic The Hedgehog 2</Title>
      <Date_Time>2022-04-21T14:35:00+08:00</Date_Time>
      <Tickets_Sold>3</Tickets_Sold>
      <FilmFormat>2D</FilmFormat>
      <Is_Ticket_Sold>1</Is_Ticket_Sold>
    </Show>
    <Show>
      <ID>1000000119</ID>
      <Title>(Atmos) Sonic The Hedgehog 2</Title>
      <Date_Time>2022-04-22T14:35:00+08:00</Date_Time>
      <Tickets_Sold>1</Tickets_Sold>
      <FilmFormat>2D</FilmFormat>
      <Is_Ticket_Sold>1</Is_Ticket_Sold>
    </Show>
    <Show>
      <ID>1000000119</ID>
      <Title>(Atmos) Sonic The Hedgehog 2</Title>
      <Date_Time>2022-04-23T14:35:00+08:00</Date_Time>
      <Tickets_Sold>11</Tickets_Sold>
      <FilmFormat>2D</FilmFormat>
      <Is_Ticket_Sold>1</Is_Ticket_Sold>
    </Show>
    <Show>
      <ID>1000000119</ID>
      <Title>(Atmos) Sonic The Hedgehog 2</Title>
      <Date_Time>2022-04-24T14:35:00+08:00</Date_Time>
      <Tickets_Sold>2</Tickets_Sold>
      <FilmFormat>2D</FilmFormat>
      <Is_Ticket_Sold>1</Is_Ticket_Sold>
    </Show>
  </Hall>
  <Hall code="19">
    <Show>
      <ID>69331608</ID>
      <Title>The Batman</Title>
      <Date_Time>2022-04-19T10:45:00+08:00</Date_Time>
      <Tickets_Sold>10</Tickets_Sold>
      <FilmFormat>2D</FilmFormat>
      <Is_Ticket_Sold>1</Is_Ticket_Sold>
    </Show>
    <Show>
      <ID>69331608</ID>
      <Title>The Batman</Title>
      <Date_Time>2022-04-19T14:30:00+08:00</Date_Time>
      <Tickets_Sold>11</Tickets_Sold>
      <FilmFormat>2D</FilmFormat>
      <Is_Ticket_Sold>1</Is_Ticket_Sold>
    </Show>
    <Show>
      <ID>69331608</ID>
      <Title>The Batman</Title>
      <Date_Time>2022-04-19T18:15:00+08:00</Date_Time>
      <Tickets_Sold>7</Tickets_Sold>
      <FilmFormat>2D</FilmFormat>
      <Is_Ticket_Sold>1</Is_Ticket_Sold>
    </Show>
    <Show>
      <ID>69331608</ID>
      <Title>The Batman</Title>
      <Date_Time>2022-04-19T22:00:00+08:00</Date_Time>
      <Tickets_Sold>0</Tickets_Sold>
      <FilmFormat>2D</FilmFormat>
      <Is_Ticket_Sold>0</Is_Ticket_Sold>
    </Show>
  </Hall>
  <Hall code="20">
    <Show>
      <ID>1000000104</ID>
      <Title>The Lost City</Title>
      <Date_Time>2022-04-19T11:15:00+08:00</Date_Time>
      <Tickets_Sold>12</Tickets_Sold>
      <FilmFormat>2D</FilmFormat>
      <Is_Ticket_Sold>1</Is_Ticket_Sold>
    </Show>
    <Show>
      <ID>1000000104</ID>
      <Title>The Lost City</Title>
      <Date_Time>2022-04-19T13:45:00+08:00</Date_Time>
      <Tickets_Sold>13</Tickets_Sold>
      <FilmFormat>2D</FilmFormat>
      <Is_Ticket_Sold>1</Is_Ticket_Sold>
    </Show>
    <Show>
      <ID>1000000104</ID>
      <Title>The Lost City</Title>
      <Date_Time>2022-04-19T16:15:00+08:00</Date_Time>
      <Tickets_Sold>21</Tickets_Sold>
      <FilmFormat>2D</FilmFormat>
      <Is_Ticket_Sold>1</Is_Ticket_Sold>
    </Show>
    <Show>
      <ID>1000000104</ID>
      <Title>The Lost City</Title>
      <Date_Time>2022-04-19T18:45:00+08:00</Date_Time>
      <Tickets_Sold>2</Tickets_Sold>
      <FilmFormat>2D</FilmFormat>
      <Is_Ticket_Sold>1</Is_Ticket_Sold>
    </Show>
    <Show>
      <ID>1000000104</ID>
      <Title>The Lost City</Title>
      <Date_Time>2022-04-19T21:15:00+08:00</Date_Time>
      <Tickets_Sold>2</Tickets_Sold>
      <FilmFormat>2D</FilmFormat>
      <Is_Ticket_Sold>1</Is_Ticket_Sold>
    </Show>
    <Show>
      <ID>1000000104</ID>
      <Title>The Lost City</Title>
      <Date_Time>2022-04-19T23:45:00+08:00</Date_Time>
      <Tickets_Sold>0</Tickets_Sold>
      <FilmFormat>2D</FilmFormat>
      <Is_Ticket_Sold>0</Is_Ticket_Sold>
    </Show>
    <Show>
      <ID>1000000104</ID>
      <Title>The Lost City</Title>
      <Date_Time>2022-04-20T11:15:00+08:00</Date_Time>
      <Tickets_Sold>0</Tickets_Sold>
      <FilmFormat>2D</FilmFormat>
      <Is_Ticket_Sold>0</Is_Ticket_Sold>
    </Show>
    <Show>
      <ID>1000000104</ID>
      <Title>The Lost City</Title>
      <Date_Time>2022-04-20T13:45:00+08:00</Date_Time>
      <Tickets_Sold>0</Tickets_Sold>
      <FilmFormat>2D</FilmFormat>
      <Is_Ticket_Sold>0</Is_Ticket_Sold>
    </Show>
    <Show>
      <ID>1000000104</ID>
      <Title>The Lost City</Title>
      <Date_Time>2022-04-20T16:15:00+08:00</Date_Time>
      <Tickets_Sold>2</Tickets_Sold>
      <FilmFormat>2D</FilmFormat>
      <Is_Ticket_Sold>1</Is_Ticket_Sold>
    </Show>
    <Show>
      <ID>1000000104</ID>
      <Title>The Lost City</Title>
      <Date_Time>2022-04-20T18:45:00+08:00</Date_Time>
      <Tickets_Sold>0</Tickets_Sold>
      <FilmFormat>2D</FilmFormat>
      <Is_Ticket_Sold>0</Is_Ticket_Sold>
    </Show>
  </Hall>
  <Hall code="21">
    <Show>
      <ID>1000000115</ID>
      <Title>K.G.F: Chapter 2 (Tamil)</Title>
      <Date_Time>2022-04-19T13:30:00+08:00</Date_Time>
      <Tickets_Sold>2</Tickets_Sold>
      <FilmFormat>2D</FilmFormat>
      <Is_Ticket_Sold>1</Is_Ticket_Sold>
    </Show>
    <Show>
      <ID>1000000115</ID>
      <Title>K.G.F: Chapter 2 (Tamil)</Title>
      <Date_Time>2022-04-19T17:00:00+08:00</Date_Time>
      <Tickets_Sold>10</Tickets_Sold>
      <FilmFormat>2D</FilmFormat>
      <Is_Ticket_Sold>1</Is_Ticket_Sold>
    </Show>
  </Hall>
  <Hall code="22">
    <Show>
      <ID>1000000096</ID>
      <Title>(Atmos D-Box) Fantastic Beasts: The Secrets of </Title>
      <Date_Time>2022-04-19T00:20:00+08:00</Date_Time>
      <Tickets_Sold>2</Tickets_Sold>
      <FilmFormat>DBOX</FilmFormat>
      <Is_Ticket_Sold>1</Is_Ticket_Sold>
    </Show>
    <Show>
      <ID>1000000096</ID>
      <Title>(Atmos D-Box) Fantastic Beasts: The Secrets of </Title>
      <Date_Time>2022-04-19T12:00:00+08:00</Date_Time>
      <Tickets_Sold>10</Tickets_Sold>
      <FilmFormat>DBOX</FilmFormat>
      <Is_Ticket_Sold>1</Is_Ticket_Sold>
    </Show>
    <Show>
      <ID>1000000096</ID>
      <Title>(Atmos D-Box) Fantastic Beasts: The Secrets of </Title>
      <Date_Time>2022-04-19T15:05:00+08:00</Date_Time>
      <Tickets_Sold>9</Tickets_Sold>
      <FilmFormat>DBOX</FilmFormat>
      <Is_Ticket_Sold>1</Is_Ticket_Sold>
    </Show>
    <Show>
      <ID>1000000096</ID>
      <Title>(Atmos D-Box) Fantastic Beasts: The Secrets of </Title>
      <Date_Time>2022-04-19T18:10:00+08:00</Date_Time>
      <Tickets_Sold>0</Tickets_Sold>
      <FilmFormat>DBOX</FilmFormat>
      <Is_Ticket_Sold>0</Is_Ticket_Sold>
    </Show>
    <Show>
      <ID>1000000096</ID>
      <Title>(Atmos D-Box) Fantastic Beasts: The Secrets of </Title>
      <Date_Time>2022-04-19T21:15:00+08:00</Date_Time>
      <Tickets_Sold>2</Tickets_Sold>
      <FilmFormat>DBOX</FilmFormat>
      <Is_Ticket_Sold>1</Is_Ticket_Sold>
    </Show>
    <Show>
      <ID>1000000096</ID>
      <Title>(Atmos D-Box) Fantastic Beasts: The Secrets of </Title>
      <Date_Time>2022-04-20T12:00:00+08:00</Date_Time>
      <Tickets_Sold>0</Tickets_Sold>
      <FilmFormat>DBOX</FilmFormat>
      <Is_Ticket_Sold>0</Is_Ticket_Sold>
    </Show>
    <Show>
      <ID>1000000096</ID>
      <Title>(Atmos D-Box) Fantastic Beasts: The Secrets of </Title>
      <Date_Time>2022-04-20T15:05:00+08:00</Date_Time>
      <Tickets_Sold>1</Tickets_Sold>
      <FilmFormat>DBOX</FilmFormat>
      <Is_Ticket_Sold>1</Is_Ticket_Sold>
    </Show>
    <Show>
      <ID>1000000096</ID>
      <Title>(Atmos D-Box) Fantastic Beasts: The Secrets of </Title>
      <Date_Time>2022-04-20T18:10:00+08:00</Date_Time>
      <Tickets_Sold>0</Tickets_Sold>
      <FilmFormat>DBOX</FilmFormat>
      <Is_Ticket_Sold>0</Is_Ticket_Sold>
    </Show>
    <Show>
      <ID>1000000096</ID>
      <Title>(Atmos D-Box) Fantastic Beasts: The Secrets of </Title>
      <Date_Time>2022-04-20T21:15:00+08:00</Date_Time>
      <Tickets_Sold>0</Tickets_Sold>
      <FilmFormat>DBOX</FilmFormat>
      <Is_Ticket_Sold>0</Is_Ticket_Sold>
    </Show>
    <Show>
      <ID>1000000096</ID>
      <Title>(Atmos D-Box) Fantastic Beasts: The Secrets of </Title>
      <Date_Time>2022-04-21T00:20:00+08:00</Date_Time>
      <Tickets_Sold>0</Tickets_Sold>
      <FilmFormat>DBOX</FilmFormat>
      <Is_Ticket_Sold>0</Is_Ticket_Sold>
    </Show>
    <Show>
      <ID>1000000121</ID>
      <Title>(Atmos D-Box) Sonic The Hedgehog 2</Title>
      <Date_Time>2022-04-21T14:35:00+08:00</Date_Time>
      <Tickets_Sold>1</Tickets_Sold>
      <FilmFormat>DBOX</FilmFormat>
      <Is_Ticket_Sold>1</Is_Ticket_Sold>
    </Show>
    <Show>
      <ID>1000000121</ID>
      <Title>(Atmos D-Box) Sonic The Hedgehog 2</Title>
      <Date_Time>2022-04-22T14:35:00+08:00</Date_Time>
      <Tickets_Sold>0</Tickets_Sold>
      <FilmFormat>DBOX</FilmFormat>
      <Is_Ticket_Sold>0</Is_Ticket_Sold>
    </Show>
    <Show>
      <ID>1000000121</ID>
      <Title>(Atmos D-Box) Sonic The Hedgehog 2</Title>
      <Date_Time>2022-04-23T14:35:00+08:00</Date_Time>
      <Tickets_Sold>0</Tickets_Sold>
      <FilmFormat>DBOX</FilmFormat>
      <Is_Ticket_Sold>0</Is_Ticket_Sold>
    </Show>
    <Show>
      <ID>1000000121</ID>
      <Title>(Atmos D-Box) Sonic The Hedgehog 2</Title>
      <Date_Time>2022-04-24T14:35:00+08:00</Date_Time>
      <Tickets_Sold>0</Tickets_Sold>
      <FilmFormat>DBOX</FilmFormat>
      <Is_Ticket_Sold>0</Is_Ticket_Sold>
    </Show>
  </Hall>
</Movies>