﻿<?xml version="1.0" encoding="utf-8"?>
<Movies version="1.1">
  <All_Titles>
    <Movie>
      <ID>1000000367</ID>
      <Title>Air Force The Movie: Selagi Bernyawa</Title>
      <Rating>P13</Rating>
    </Movie>
    <Movie>
      <ID>1000000409</ID>
      <Title>One Piece Film Red</Title>
      <Rating>P13</Rating>
    </Movie>
    <Movie>
      <ID>1000000432</ID>
      <Title>Abang Long Fadil 3</Title>
      <Rating>P13</Rating>
    </Movie>
    <Movie>
      <ID>1000000465</ID>
      <Title>The Invitation</Title>
      <Rating>P13</Rating>
    </Movie>
    <Movie>
      <ID>1000000479</ID>
      <Title>Ponniyin Selvan Part - 1 (Tamil)</Title>
      <Rating>P13</Rating>
    </Movie>
    <Movie>
      <ID>1000000504</ID>
      <Title>Rasuk</Title>
      <Rating>P13</Rating>
    </Movie>
    <Movie>
      <ID>1000000509</ID>
      <Title>Smile</Title>
      <Rating>18</Rating>
    </Movie>
    <Movie>
      <ID>1000000518</ID>
      <Title>Leio</Title>
      <Rating>P13</Rating>
    </Movie>
  </All_Titles>
  <Hall code="1">
    <Show>
      <ID>1000000509</ID>
      <Title>Smile</Title>
      <Date_Time>2022-10-01T10:30:00+08:00</Date_Time>
      <Tickets_Sold>0</Tickets_Sold>
      <FilmFormat>2D</FilmFormat>
      <Is_Ticket_Sold>0</Is_Ticket_Sold>
    </Show>
    <Show>
      <ID>1000000509</ID>
      <Title>Smile</Title>
      <Date_Time>2022-10-01T12:55:00+08:00</Date_Time>
      <Tickets_Sold>7</Tickets_Sold>
      <FilmFormat>2D</FilmFormat>
      <Is_Ticket_Sold>1</Is_Ticket_Sold>
    </Show>
    <Show>
      <ID>1000000518</ID>
      <Title>Leio</Title>
      <Date_Time>2022-10-01T15:20:00+08:00</Date_Time>
      <Tickets_Sold>0</Tickets_Sold>
      <FilmFormat>2D</FilmFormat>
      <Is_Ticket_Sold>0</Is_Ticket_Sold>
    </Show>
    <Show>
      <ID>1000000509</ID>
      <Title>Smile</Title>
      <Date_Time>2022-10-01T17:40:00+08:00</Date_Time>
      <Tickets_Sold>4</Tickets_Sold>
      <FilmFormat>2D</FilmFormat>
      <Is_Ticket_Sold>1</Is_Ticket_Sold>
    </Show>
    <Show>
      <ID>1000000509</ID>
      <Title>Smile</Title>
      <Date_Time>2022-10-01T20:05:00+08:00</Date_Time>
      <Tickets_Sold>4</Tickets_Sold>
      <FilmFormat>2D</FilmFormat>
      <Is_Ticket_Sold>1</Is_Ticket_Sold>
    </Show>
    <Show>
      <ID>1000000518</ID>
      <Title>Leio</Title>
      <Date_Time>2022-10-01T22:25:00+08:00</Date_Time>
      <Tickets_Sold>0</Tickets_Sold>
      <FilmFormat>2D</FilmFormat>
      <Is_Ticket_Sold>0</Is_Ticket_Sold>
    </Show>
    <Show>
      <ID>1000000509</ID>
      <Title>Smile</Title>
      <Date_Time>2022-10-02T10:30:00+08:00</Date_Time>
      <Tickets_Sold>0</Tickets_Sold>
      <FilmFormat>2D</FilmFormat>
      <Is_Ticket_Sold>0</Is_Ticket_Sold>
    </Show>
    <Show>
      <ID>1000000509</ID>
      <Title>Smile</Title>
      <Date_Time>2022-10-02T12:55:00+08:00</Date_Time>
      <Tickets_Sold>4</Tickets_Sold>
      <FilmFormat>2D</FilmFormat>
      <Is_Ticket_Sold>1</Is_Ticket_Sold>
    </Show>
    <Show>
      <ID>1000000518</ID>
      <Title>Leio</Title>
      <Date_Time>2022-10-02T15:20:00+08:00</Date_Time>
      <Tickets_Sold>0</Tickets_Sold>
      <FilmFormat>2D</FilmFormat>
      <Is_Ticket_Sold>0</Is_Ticket_Sold>
    </Show>
    <Show>
      <ID>1000000509</ID>
      <Title>Smile</Title>
      <Date_Time>2022-10-02T17:40:00+08:00</Date_Time>
      <Tickets_Sold>0</Tickets_Sold>
      <FilmFormat>2D</FilmFormat>
      <Is_Ticket_Sold>0</Is_Ticket_Sold>
    </Show>
    <Show>
      <ID>1000000509</ID>
      <Title>Smile</Title>
      <Date_Time>2022-10-02T20:05:00+08:00</Date_Time>
      <Tickets_Sold>0</Tickets_Sold>
      <FilmFormat>2D</FilmFormat>
      <Is_Ticket_Sold>0</Is_Ticket_Sold>
    </Show>
    <Show>
      <ID>1000000518</ID>
      <Title>Leio</Title>
      <Date_Time>2022-10-02T22:25:00+08:00</Date_Time>
      <Tickets_Sold>0</Tickets_Sold>
      <FilmFormat>2D</FilmFormat>
      <Is_Ticket_Sold>0</Is_Ticket_Sold>
    </Show>
    <Show>
      <ID>1000000509</ID>
      <Title>Smile</Title>
      <Date_Time>2022-10-03T10:30:00+08:00</Date_Time>
      <Tickets_Sold>0</Tickets_Sold>
      <FilmFormat>2D</FilmFormat>
      <Is_Ticket_Sold>0</Is_Ticket_Sold>
    </Show>
    <Show>
      <ID>1000000509</ID>
      <Title>Smile</Title>
      <Date_Time>2022-10-03T12:55:00+08:00</Date_Time>
      <Tickets_Sold>0</Tickets_Sold>
      <FilmFormat>2D</FilmFormat>
      <Is_Ticket_Sold>0</Is_Ticket_Sold>
    </Show>
    <Show>
      <ID>1000000518</ID>
      <Title>Leio</Title>
      <Date_Time>2022-10-03T15:20:00+08:00</Date_Time>
      <Tickets_Sold>0</Tickets_Sold>
      <FilmFormat>2D</FilmFormat>
      <Is_Ticket_Sold>0</Is_Ticket_Sold>
    </Show>
    <Show>
      <ID>1000000509</ID>
      <Title>Smile</Title>
      <Date_Time>2022-10-03T17:40:00+08:00</Date_Time>
      <Tickets_Sold>0</Tickets_Sold>
      <FilmFormat>2D</FilmFormat>
      <Is_Ticket_Sold>0</Is_Ticket_Sold>
    </Show>
    <Show>
      <ID>1000000509</ID>
      <Title>Smile</Title>
      <Date_Time>2022-10-03T20:05:00+08:00</Date_Time>
      <Tickets_Sold>0</Tickets_Sold>
      <FilmFormat>2D</FilmFormat>
      <Is_Ticket_Sold>0</Is_Ticket_Sold>
    </Show>
    <Show>
      <ID>1000000518</ID>
      <Title>Leio</Title>
      <Date_Time>2022-10-03T22:25:00+08:00</Date_Time>
      <Tickets_Sold>0</Tickets_Sold>
      <FilmFormat>2D</FilmFormat>
      <Is_Ticket_Sold>0</Is_Ticket_Sold>
    </Show>
  </Hall>
  <Hall code="2">
    <Show>
      <ID>1000000409</ID>
      <Title>One Piece Film Red</Title>
      <Date_Time>2022-10-01T11:15:00+08:00</Date_Time>
      <Tickets_Sold>14</Tickets_Sold>
      <FilmFormat>2D</FilmFormat>
      <Is_Ticket_Sold>1</Is_Ticket_Sold>
    </Show>
    <Show>
      <ID>1000000409</ID>
      <Title>One Piece Film Red</Title>
      <Date_Time>2022-10-01T13:45:00+08:00</Date_Time>
      <Tickets_Sold>26</Tickets_Sold>
      <FilmFormat>2D</FilmFormat>
      <Is_Ticket_Sold>1</Is_Ticket_Sold>
    </Show>
    <Show>
      <ID>1000000409</ID>
      <Title>One Piece Film Red</Title>
      <Date_Time>2022-10-01T16:15:00+08:00</Date_Time>
      <Tickets_Sold>11</Tickets_Sold>
      <FilmFormat>2D</FilmFormat>
      <Is_Ticket_Sold>1</Is_Ticket_Sold>
    </Show>
    <Show>
      <ID>1000000409</ID>
      <Title>One Piece Film Red</Title>
      <Date_Time>2022-10-01T18:45:00+08:00</Date_Time>
      <Tickets_Sold>16</Tickets_Sold>
      <FilmFormat>2D</FilmFormat>
      <Is_Ticket_Sold>1</Is_Ticket_Sold>
    </Show>
    <Show>
      <ID>1000000409</ID>
      <Title>One Piece Film Red</Title>
      <Date_Time>2022-10-01T21:15:00+08:00</Date_Time>
      <Tickets_Sold>21</Tickets_Sold>
      <FilmFormat>2D</FilmFormat>
      <Is_Ticket_Sold>1</Is_Ticket_Sold>
    </Show>
    <Show>
      <ID>1000000432</ID>
      <Title>Abang Long Fadil 3</Title>
      <Date_Time>2022-10-01T23:45:00+08:00</Date_Time>
      <Tickets_Sold>0</Tickets_Sold>
      <FilmFormat>2D</FilmFormat>
      <Is_Ticket_Sold>0</Is_Ticket_Sold>
    </Show>
    <Show>
      <ID>1000000409</ID>
      <Title>One Piece Film Red</Title>
      <Date_Time>2022-10-02T11:15:00+08:00</Date_Time>
      <Tickets_Sold>3</Tickets_Sold>
      <FilmFormat>2D</FilmFormat>
      <Is_Ticket_Sold>1</Is_Ticket_Sold>
    </Show>
    <Show>
      <ID>1000000409</ID>
      <Title>One Piece Film Red</Title>
      <Date_Time>2022-10-02T13:45:00+08:00</Date_Time>
      <Tickets_Sold>0</Tickets_Sold>
      <FilmFormat>2D</FilmFormat>
      <Is_Ticket_Sold>0</Is_Ticket_Sold>
    </Show>
    <Show>
      <ID>1000000409</ID>
      <Title>One Piece Film Red</Title>
      <Date_Time>2022-10-02T16:15:00+08:00</Date_Time>
      <Tickets_Sold>9</Tickets_Sold>
      <FilmFormat>2D</FilmFormat>
      <Is_Ticket_Sold>1</Is_Ticket_Sold>
    </Show>
    <Show>
      <ID>1000000409</ID>
      <Title>One Piece Film Red</Title>
      <Date_Time>2022-10-02T18:45:00+08:00</Date_Time>
      <Tickets_Sold>6</Tickets_Sold>
      <FilmFormat>2D</FilmFormat>
      <Is_Ticket_Sold>1</Is_Ticket_Sold>
    </Show>
    <Show>
      <ID>1000000409</ID>
      <Title>One Piece Film Red</Title>
      <Date_Time>2022-10-02T21:15:00+08:00</Date_Time>
      <Tickets_Sold>0</Tickets_Sold>
      <FilmFormat>2D</FilmFormat>
      <Is_Ticket_Sold>0</Is_Ticket_Sold>
    </Show>
    <Show>
      <ID>1000000409</ID>
      <Title>One Piece Film Red</Title>
      <Date_Time>2022-10-03T11:15:00+08:00</Date_Time>
      <Tickets_Sold>0</Tickets_Sold>
      <FilmFormat>2D</FilmFormat>
      <Is_Ticket_Sold>0</Is_Ticket_Sold>
    </Show>
    <Show>
      <ID>1000000409</ID>
      <Title>One Piece Film Red</Title>
      <Date_Time>2022-10-03T13:45:00+08:00</Date_Time>
      <Tickets_Sold>2</Tickets_Sold>
      <FilmFormat>2D</FilmFormat>
      <Is_Ticket_Sold>1</Is_Ticket_Sold>
    </Show>
    <Show>
      <ID>1000000409</ID>
      <Title>One Piece Film Red</Title>
      <Date_Time>2022-10-03T16:15:00+08:00</Date_Time>
      <Tickets_Sold>0</Tickets_Sold>
      <FilmFormat>2D</FilmFormat>
      <Is_Ticket_Sold>0</Is_Ticket_Sold>
    </Show>
    <Show>
      <ID>1000000409</ID>
      <Title>One Piece Film Red</Title>
      <Date_Time>2022-10-03T18:45:00+08:00</Date_Time>
      <Tickets_Sold>2</Tickets_Sold>
      <FilmFormat>2D</FilmFormat>
      <Is_Ticket_Sold>1</Is_Ticket_Sold>
    </Show>
    <Show>
      <ID>1000000409</ID>
      <Title>One Piece Film Red</Title>
      <Date_Time>2022-10-03T21:15:00+08:00</Date_Time>
      <Tickets_Sold>0</Tickets_Sold>
      <FilmFormat>2D</FilmFormat>
      <Is_Ticket_Sold>0</Is_Ticket_Sold>
    </Show>
  </Hall>
  <Hall code="3">
    <Show>
      <ID>1000000465</ID>
      <Title>The Invitation</Title>
      <Date_Time>2022-10-01T11:00:00+08:00</Date_Time>
      <Tickets_Sold>2</Tickets_Sold>
      <FilmFormat>2D</FilmFormat>
      <Is_Ticket_Sold>1</Is_Ticket_Sold>
    </Show>
    <Show>
      <ID>1000000367</ID>
      <Title>Air Force The Movie: Selagi Bernyawa</Title>
      <Date_Time>2022-10-01T13:15:00+08:00</Date_Time>
      <Tickets_Sold>14</Tickets_Sold>
      <FilmFormat>2D</FilmFormat>
      <Is_Ticket_Sold>1</Is_Ticket_Sold>
    </Show>
    <Show>
      <ID>1000000504</ID>
      <Title>Rasuk</Title>
      <Date_Time>2022-10-01T15:30:00+08:00</Date_Time>
      <Tickets_Sold>8</Tickets_Sold>
      <FilmFormat>2D</FilmFormat>
      <Is_Ticket_Sold>1</Is_Ticket_Sold>
    </Show>
    <Show>
      <ID>1000000432</ID>
      <Title>Abang Long Fadil 3</Title>
      <Date_Time>2022-10-01T17:35:00+08:00</Date_Time>
      <Tickets_Sold>16</Tickets_Sold>
      <FilmFormat>2D</FilmFormat>
      <Is_Ticket_Sold>1</Is_Ticket_Sold>
    </Show>
    <Show>
      <ID>1000000504</ID>
      <Title>Rasuk</Title>
      <Date_Time>2022-10-01T20:00:00+08:00</Date_Time>
      <Tickets_Sold>7</Tickets_Sold>
      <FilmFormat>2D</FilmFormat>
      <Is_Ticket_Sold>1</Is_Ticket_Sold>
    </Show>
    <Show>
      <ID>1000000479</ID>
      <Title>Ponniyin Selvan Part - 1 (Tamil)</Title>
      <Date_Time>2022-10-01T22:30:00+08:00</Date_Time>
      <Tickets_Sold>18</Tickets_Sold>
      <FilmFormat>2D</FilmFormat>
      <Is_Ticket_Sold>1</Is_Ticket_Sold>
    </Show>
    <Show>
      <ID>1000000465</ID>
      <Title>The Invitation</Title>
      <Date_Time>2022-10-02T11:00:00+08:00</Date_Time>
      <Tickets_Sold>0</Tickets_Sold>
      <FilmFormat>2D</FilmFormat>
      <Is_Ticket_Sold>0</Is_Ticket_Sold>
    </Show>
    <Show>
      <ID>1000000367</ID>
      <Title>Air Force The Movie: Selagi Bernyawa</Title>
      <Date_Time>2022-10-02T13:15:00+08:00</Date_Time>
      <Tickets_Sold>0</Tickets_Sold>
      <FilmFormat>2D</FilmFormat>
      <Is_Ticket_Sold>0</Is_Ticket_Sold>
    </Show>
    <Show>
      <ID>1000000504</ID>
      <Title>Rasuk</Title>
      <Date_Time>2022-10-02T15:30:00+08:00</Date_Time>
      <Tickets_Sold>0</Tickets_Sold>
      <FilmFormat>2D</FilmFormat>
      <Is_Ticket_Sold>0</Is_Ticket_Sold>
    </Show>
    <Show>
      <ID>1000000432</ID>
      <Title>Abang Long Fadil 3</Title>
      <Date_Time>2022-10-02T17:35:00+08:00</Date_Time>
      <Tickets_Sold>0</Tickets_Sold>
      <FilmFormat>2D</FilmFormat>
      <Is_Ticket_Sold>0</Is_Ticket_Sold>
    </Show>
    <Show>
      <ID>1000000504</ID>
      <Title>Rasuk</Title>
      <Date_Time>2022-10-02T20:00:00+08:00</Date_Time>
      <Tickets_Sold>0</Tickets_Sold>
      <FilmFormat>2D</FilmFormat>
      <Is_Ticket_Sold>0</Is_Ticket_Sold>
    </Show>
    <Show>
      <ID>1000000465</ID>
      <Title>The Invitation</Title>
      <Date_Time>2022-10-03T11:00:00+08:00</Date_Time>
      <Tickets_Sold>0</Tickets_Sold>
      <FilmFormat>2D</FilmFormat>
      <Is_Ticket_Sold>0</Is_Ticket_Sold>
    </Show>
    <Show>
      <ID>1000000367</ID>
      <Title>Air Force The Movie: Selagi Bernyawa</Title>
      <Date_Time>2022-10-03T13:15:00+08:00</Date_Time>
      <Tickets_Sold>0</Tickets_Sold>
      <FilmFormat>2D</FilmFormat>
      <Is_Ticket_Sold>0</Is_Ticket_Sold>
    </Show>
    <Show>
      <ID>1000000504</ID>
      <Title>Rasuk</Title>
      <Date_Time>2022-10-03T15:30:00+08:00</Date_Time>
      <Tickets_Sold>0</Tickets_Sold>
      <FilmFormat>2D</FilmFormat>
      <Is_Ticket_Sold>0</Is_Ticket_Sold>
    </Show>
    <Show>
      <ID>1000000432</ID>
      <Title>Abang Long Fadil 3</Title>
      <Date_Time>2022-10-03T17:35:00+08:00</Date_Time>
      <Tickets_Sold>0</Tickets_Sold>
      <FilmFormat>2D</FilmFormat>
      <Is_Ticket_Sold>0</Is_Ticket_Sold>
    </Show>
    <Show>
      <ID>1000000504</ID>
      <Title>Rasuk</Title>
      <Date_Time>2022-10-03T20:00:00+08:00</Date_Time>
      <Tickets_Sold>0</Tickets_Sold>
      <FilmFormat>2D</FilmFormat>
      <Is_Ticket_Sold>0</Is_Ticket_Sold>
    </Show>
  </Hall>
  <Hall code="4">
    <Show>
      <ID>1000000479</ID>
      <Title>Ponniyin Selvan Part - 1 (Tamil)</Title>
      <Date_Time>2022-10-01T11:20:00+08:00</Date_Time>
      <Tickets_Sold>14</Tickets_Sold>
      <FilmFormat>2D</FilmFormat>
      <Is_Ticket_Sold>1</Is_Ticket_Sold>
    </Show>
    <Show>
      <ID>1000000479</ID>
      <Title>Ponniyin Selvan Part - 1 (Tamil)</Title>
      <Date_Time>2022-10-01T14:40:00+08:00</Date_Time>
      <Tickets_Sold>53</Tickets_Sold>
      <FilmFormat>2D</FilmFormat>
      <Is_Ticket_Sold>1</Is_Ticket_Sold>
    </Show>
    <Show>
      <ID>1000000479</ID>
      <Title>Ponniyin Selvan Part - 1 (Tamil)</Title>
      <Date_Time>2022-10-01T18:20:00+08:00</Date_Time>
      <Tickets_Sold>28</Tickets_Sold>
      <FilmFormat>2D</FilmFormat>
      <Is_Ticket_Sold>1</Is_Ticket_Sold>
    </Show>
    <Show>
      <ID>1000000479</ID>
      <Title>Ponniyin Selvan Part - 1 (Tamil)</Title>
      <Date_Time>2022-10-01T22:10:00+08:00</Date_Time>
      <Tickets_Sold>56</Tickets_Sold>
      <FilmFormat>2D</FilmFormat>
      <Is_Ticket_Sold>1</Is_Ticket_Sold>
    </Show>
    <Show>
      <ID>1000000479</ID>
      <Title>Ponniyin Selvan Part - 1 (Tamil)</Title>
      <Date_Time>2022-10-02T11:20:00+08:00</Date_Time>
      <Tickets_Sold>4</Tickets_Sold>
      <FilmFormat>2D</FilmFormat>
      <Is_Ticket_Sold>1</Is_Ticket_Sold>
    </Show>
    <Show>
      <ID>1000000479</ID>
      <Title>Ponniyin Selvan Part - 1 (Tamil)</Title>
      <Date_Time>2022-10-02T14:40:00+08:00</Date_Time>
      <Tickets_Sold>24</Tickets_Sold>
      <FilmFormat>2D</FilmFormat>
      <Is_Ticket_Sold>1</Is_Ticket_Sold>
    </Show>
    <Show>
      <ID>1000000479</ID>
      <Title>Ponniyin Selvan Part - 1 (Tamil)</Title>
      <Date_Time>2022-10-02T18:20:00+08:00</Date_Time>
      <Tickets_Sold>5</Tickets_Sold>
      <FilmFormat>2D</FilmFormat>
      <Is_Ticket_Sold>1</Is_Ticket_Sold>
    </Show>
    <Show>
      <ID>1000000479</ID>
      <Title>Ponniyin Selvan Part - 1 (Tamil)</Title>
      <Date_Time>2022-10-02T22:10:00+08:00</Date_Time>
      <Tickets_Sold>5</Tickets_Sold>
      <FilmFormat>2D</FilmFormat>
      <Is_Ticket_Sold>1</Is_Ticket_Sold>
    </Show>
    <Show>
      <ID>1000000479</ID>
      <Title>Ponniyin Selvan Part - 1 (Tamil)</Title>
      <Date_Time>2022-10-03T14:40:00+08:00</Date_Time>
      <Tickets_Sold>0</Tickets_Sold>
      <FilmFormat>2D</FilmFormat>
      <Is_Ticket_Sold>0</Is_Ticket_Sold>
    </Show>
    <Show>
      <ID>1000000479</ID>
      <Title>Ponniyin Selvan Part - 1 (Tamil)</Title>
      <Date_Time>2022-10-03T22:10:00+08:00</Date_Time>
      <Tickets_Sold>0</Tickets_Sold>
      <FilmFormat>2D</FilmFormat>
      <Is_Ticket_Sold>0</Is_Ticket_Sold>
    </Show>
  </Hall>
  <Hall code="5">
    <Show>
      <ID>1000000432</ID>
      <Title>Abang Long Fadil 3</Title>
      <Date_Time>2022-10-01T11:40:00+08:00</Date_Time>
      <Tickets_Sold>9</Tickets_Sold>
      <FilmFormat>2D</FilmFormat>
      <Is_Ticket_Sold>1</Is_Ticket_Sold>
    </Show>
    <Show>
      <ID>1000000432</ID>
      <Title>Abang Long Fadil 3</Title>
      <Date_Time>2022-10-01T14:00:00+08:00</Date_Time>
      <Tickets_Sold>11</Tickets_Sold>
      <FilmFormat>2D</FilmFormat>
      <Is_Ticket_Sold>1</Is_Ticket_Sold>
    </Show>
    <Show>
      <ID>1000000432</ID>
      <Title>Abang Long Fadil 3</Title>
      <Date_Time>2022-10-01T16:20:00+08:00</Date_Time>
      <Tickets_Sold>19</Tickets_Sold>
      <FilmFormat>2D</FilmFormat>
      <Is_Ticket_Sold>1</Is_Ticket_Sold>
    </Show>
    <Show>
      <ID>1000000432</ID>
      <Title>Abang Long Fadil 3</Title>
      <Date_Time>2022-10-01T18:40:00+08:00</Date_Time>
      <Tickets_Sold>4</Tickets_Sold>
      <FilmFormat>2D</FilmFormat>
      <Is_Ticket_Sold>1</Is_Ticket_Sold>
    </Show>
    <Show>
      <ID>1000000432</ID>
      <Title>Abang Long Fadil 3</Title>
      <Date_Time>2022-10-01T21:00:00+08:00</Date_Time>
      <Tickets_Sold>8</Tickets_Sold>
      <FilmFormat>2D</FilmFormat>
      <Is_Ticket_Sold>1</Is_Ticket_Sold>
    </Show>
    <Show>
      <ID>1000000479</ID>
      <Title>Ponniyin Selvan Part - 1 (Tamil)</Title>
      <Date_Time>2022-10-01T23:20:00+08:00</Date_Time>
      <Tickets_Sold>2</Tickets_Sold>
      <FilmFormat>2D</FilmFormat>
      <Is_Ticket_Sold>1</Is_Ticket_Sold>
    </Show>
    <Show>
      <ID>1000000432</ID>
      <Title>Abang Long Fadil 3</Title>
      <Date_Time>2022-10-02T11:40:00+08:00</Date_Time>
      <Tickets_Sold>0</Tickets_Sold>
      <FilmFormat>2D</FilmFormat>
      <Is_Ticket_Sold>0</Is_Ticket_Sold>
    </Show>
    <Show>
      <ID>1000000432</ID>
      <Title>Abang Long Fadil 3</Title>
      <Date_Time>2022-10-02T14:00:00+08:00</Date_Time>
      <Tickets_Sold>0</Tickets_Sold>
      <FilmFormat>2D</FilmFormat>
      <Is_Ticket_Sold>0</Is_Ticket_Sold>
    </Show>
    <Show>
      <ID>1000000432</ID>
      <Title>Abang Long Fadil 3</Title>
      <Date_Time>2022-10-02T16:20:00+08:00</Date_Time>
      <Tickets_Sold>0</Tickets_Sold>
      <FilmFormat>2D</FilmFormat>
      <Is_Ticket_Sold>0</Is_Ticket_Sold>
    </Show>
  </Hall>
  <Hall code="6">
    <Show>
      <ID>1000000509</ID>
      <Title>Smile</Title>
      <Date_Time>2022-10-01T00:05:00+08:00</Date_Time>
      <Tickets_Sold>5</Tickets_Sold>
      <FilmFormat>2D</FilmFormat>
      <Is_Ticket_Sold>1</Is_Ticket_Sold>
    </Show>
    <Show>
      <ID>1000000479</ID>
      <Title>Ponniyin Selvan Part - 1 (Tamil)</Title>
      <Date_Time>2022-10-01T10:30:00+08:00</Date_Time>
      <Tickets_Sold>7</Tickets_Sold>
      <FilmFormat>2D</FilmFormat>
      <Is_Ticket_Sold>1</Is_Ticket_Sold>
    </Show>
    <Show>
      <ID>1000000479</ID>
      <Title>Ponniyin Selvan Part - 1 (Tamil)</Title>
      <Date_Time>2022-10-01T13:50:00+08:00</Date_Time>
      <Tickets_Sold>22</Tickets_Sold>
      <FilmFormat>2D</FilmFormat>
      <Is_Ticket_Sold>1</Is_Ticket_Sold>
    </Show>
    <Show>
      <ID>1000000479</ID>
      <Title>Ponniyin Selvan Part - 1 (Tamil)</Title>
      <Date_Time>2022-10-01T17:10:00+08:00</Date_Time>
      <Tickets_Sold>12</Tickets_Sold>
      <FilmFormat>2D</FilmFormat>
      <Is_Ticket_Sold>1</Is_Ticket_Sold>
    </Show>
    <Show>
      <ID>1000000479</ID>
      <Title>Ponniyin Selvan Part - 1 (Tamil)</Title>
      <Date_Time>2022-10-01T20:30:00+08:00</Date_Time>
      <Tickets_Sold>42</Tickets_Sold>
      <FilmFormat>2D</FilmFormat>
      <Is_Ticket_Sold>1</Is_Ticket_Sold>
    </Show>
    <Show>
      <ID>1000000479</ID>
      <Title>Ponniyin Selvan Part - 1 (Tamil)</Title>
      <Date_Time>2022-10-01T23:50:00+08:00</Date_Time>
      <Tickets_Sold>10</Tickets_Sold>
      <FilmFormat>2D</FilmFormat>
      <Is_Ticket_Sold>1</Is_Ticket_Sold>
    </Show>
    <Show>
      <ID>1000000479</ID>
      <Title>Ponniyin Selvan Part - 1 (Tamil)</Title>
      <Date_Time>2022-10-02T10:30:00+08:00</Date_Time>
      <Tickets_Sold>0</Tickets_Sold>
      <FilmFormat>2D</FilmFormat>
      <Is_Ticket_Sold>0</Is_Ticket_Sold>
    </Show>
    <Show>
      <ID>1000000479</ID>
      <Title>Ponniyin Selvan Part - 1 (Tamil)</Title>
      <Date_Time>2022-10-02T13:50:00+08:00</Date_Time>
      <Tickets_Sold>0</Tickets_Sold>
      <FilmFormat>2D</FilmFormat>
      <Is_Ticket_Sold>0</Is_Ticket_Sold>
    </Show>
    <Show>
      <ID>1000000479</ID>
      <Title>Ponniyin Selvan Part - 1 (Tamil)</Title>
      <Date_Time>2022-10-02T17:10:00+08:00</Date_Time>
      <Tickets_Sold>0</Tickets_Sold>
      <FilmFormat>2D</FilmFormat>
      <Is_Ticket_Sold>0</Is_Ticket_Sold>
    </Show>
    <Show>
      <ID>1000000479</ID>
      <Title>Ponniyin Selvan Part - 1 (Tamil)</Title>
      <Date_Time>2022-10-02T20:30:00+08:00</Date_Time>
      <Tickets_Sold>0</Tickets_Sold>
      <FilmFormat>2D</FilmFormat>
      <Is_Ticket_Sold>0</Is_Ticket_Sold>
    </Show>
  </Hall>
  <Hall code="7">
    <Show>
      <ID>1000000479</ID>
      <Title>Ponniyin Selvan Part - 1 (Tamil)</Title>
      <Date_Time>2022-10-01T11:00:00+08:00</Date_Time>
      <Tickets_Sold>1</Tickets_Sold>
      <FilmFormat>2D</FilmFormat>
      <Is_Ticket_Sold>1</Is_Ticket_Sold>
    </Show>
    <Show>
      <ID>1000000479</ID>
      <Title>Ponniyin Selvan Part - 1 (Tamil)</Title>
      <Date_Time>2022-10-01T14:20:00+08:00</Date_Time>
      <Tickets_Sold>19</Tickets_Sold>
      <FilmFormat>2D</FilmFormat>
      <Is_Ticket_Sold>1</Is_Ticket_Sold>
    </Show>
    <Show>
      <ID>1000000479</ID>
      <Title>Ponniyin Selvan Part - 1 (Tamil)</Title>
      <Date_Time>2022-10-01T17:40:00+08:00</Date_Time>
      <Tickets_Sold>25</Tickets_Sold>
      <FilmFormat>2D</FilmFormat>
      <Is_Ticket_Sold>1</Is_Ticket_Sold>
    </Show>
    <Show>
      <ID>1000000479</ID>
      <Title>Ponniyin Selvan Part - 1 (Tamil)</Title>
      <Date_Time>2022-10-01T21:00:00+08:00</Date_Time>
      <Tickets_Sold>36</Tickets_Sold>
      <FilmFormat>2D</FilmFormat>
      <Is_Ticket_Sold>1</Is_Ticket_Sold>
    </Show>
    <Show>
      <ID>1000000479</ID>
      <Title>Ponniyin Selvan Part - 1 (Tamil)</Title>
      <Date_Time>2022-10-02T11:00:00+08:00</Date_Time>
      <Tickets_Sold>0</Tickets_Sold>
      <FilmFormat>2D</FilmFormat>
      <Is_Ticket_Sold>0</Is_Ticket_Sold>
    </Show>
    <Show>
      <ID>1000000479</ID>
      <Title>Ponniyin Selvan Part - 1 (Tamil)</Title>
      <Date_Time>2022-10-02T14:20:00+08:00</Date_Time>
      <Tickets_Sold>0</Tickets_Sold>
      <FilmFormat>2D</FilmFormat>
      <Is_Ticket_Sold>0</Is_Ticket_Sold>
    </Show>
    <Show>
      <ID>1000000479</ID>
      <Title>Ponniyin Selvan Part - 1 (Tamil)</Title>
      <Date_Time>2022-10-02T17:40:00+08:00</Date_Time>
      <Tickets_Sold>0</Tickets_Sold>
      <FilmFormat>2D</FilmFormat>
      <Is_Ticket_Sold>0</Is_Ticket_Sold>
    </Show>
  </Hall>
  <Hall code="8">
    <Show>
      <ID>1000000367</ID>
      <Title>Air Force The Movie: Selagi Bernyawa</Title>
      <Date_Time>2022-10-01T11:00:00+08:00</Date_Time>
      <Tickets_Sold>1</Tickets_Sold>
      <FilmFormat>2D</FilmFormat>
      <Is_Ticket_Sold>1</Is_Ticket_Sold>
    </Show>
    <Show>
      <ID>1000000432</ID>
      <Title>Abang Long Fadil 3</Title>
      <Date_Time>2022-10-01T13:30:00+08:00</Date_Time>
      <Tickets_Sold>13</Tickets_Sold>
      <FilmFormat>2D</FilmFormat>
      <Is_Ticket_Sold>1</Is_Ticket_Sold>
    </Show>
    <Show>
      <ID>1000000367</ID>
      <Title>Air Force The Movie: Selagi Bernyawa</Title>
      <Date_Time>2022-10-01T16:05:00+08:00</Date_Time>
      <Tickets_Sold>11</Tickets_Sold>
      <FilmFormat>2D</FilmFormat>
      <Is_Ticket_Sold>1</Is_Ticket_Sold>
    </Show>
    <Show>
      <ID>1000000367</ID>
      <Title>Air Force The Movie: Selagi Bernyawa</Title>
      <Date_Time>2022-10-01T18:30:00+08:00</Date_Time>
      <Tickets_Sold>10</Tickets_Sold>
      <FilmFormat>2D</FilmFormat>
      <Is_Ticket_Sold>1</Is_Ticket_Sold>
    </Show>
    <Show>
      <ID>1000000367</ID>
      <Title>Air Force The Movie: Selagi Bernyawa</Title>
      <Date_Time>2022-10-01T21:15:00+08:00</Date_Time>
      <Tickets_Sold>0</Tickets_Sold>
      <FilmFormat>2D</FilmFormat>
      <Is_Ticket_Sold>0</Is_Ticket_Sold>
    </Show>
    <Show>
      <ID>1000000367</ID>
      <Title>Air Force The Movie: Selagi Bernyawa</Title>
      <Date_Time>2022-10-02T11:00:00+08:00</Date_Time>
      <Tickets_Sold>0</Tickets_Sold>
      <FilmFormat>2D</FilmFormat>
      <Is_Ticket_Sold>0</Is_Ticket_Sold>
    </Show>
    <Show>
      <ID>1000000432</ID>
      <Title>Abang Long Fadil 3</Title>
      <Date_Time>2022-10-02T13:30:00+08:00</Date_Time>
      <Tickets_Sold>0</Tickets_Sold>
      <FilmFormat>2D</FilmFormat>
      <Is_Ticket_Sold>0</Is_Ticket_Sold>
    </Show>
    <Show>
      <ID>1000000367</ID>
      <Title>Air Force The Movie: Selagi Bernyawa</Title>
      <Date_Time>2022-10-02T16:05:00+08:00</Date_Time>
      <Tickets_Sold>0</Tickets_Sold>
      <FilmFormat>2D</FilmFormat>
      <Is_Ticket_Sold>0</Is_Ticket_Sold>
    </Show>
    <Show>
      <ID>1000000367</ID>
      <Title>Air Force The Movie: Selagi Bernyawa</Title>
      <Date_Time>2022-10-02T18:30:00+08:00</Date_Time>
      <Tickets_Sold>0</Tickets_Sold>
      <FilmFormat>2D</FilmFormat>
      <Is_Ticket_Sold>0</Is_Ticket_Sold>
    </Show>
    <Show>
      <ID>1000000367</ID>
      <Title>Air Force The Movie: Selagi Bernyawa</Title>
      <Date_Time>2022-10-02T21:15:00+08:00</Date_Time>
      <Tickets_Sold>0</Tickets_Sold>
      <FilmFormat>2D</FilmFormat>
      <Is_Ticket_Sold>0</Is_Ticket_Sold>
    </Show>
    <Show>
      <ID>1000000367</ID>
      <Title>Air Force The Movie: Selagi Bernyawa</Title>
      <Date_Time>2022-10-03T11:00:00+08:00</Date_Time>
      <Tickets_Sold>0</Tickets_Sold>
      <FilmFormat>2D</FilmFormat>
      <Is_Ticket_Sold>0</Is_Ticket_Sold>
    </Show>
    <Show>
      <ID>1000000432</ID>
      <Title>Abang Long Fadil 3</Title>
      <Date_Time>2022-10-03T13:30:00+08:00</Date_Time>
      <Tickets_Sold>0</Tickets_Sold>
      <FilmFormat>2D</FilmFormat>
      <Is_Ticket_Sold>0</Is_Ticket_Sold>
    </Show>
  </Hall>
</Movies>