﻿<?xml version="1.0" encoding="utf-8"?>
<Movies version="1.1">
  <All_Titles>
    <Movie>
      <ID>1000000367</ID>
      <Title>Air Force The Movie: Selagi Bernyawa</Title>
      <Rating>P13</Rating>
    </Movie>
    <Movie>
      <ID>1000000409</ID>
      <Title>One Piece Film Red</Title>
      <Rating>P13</Rating>
    </Movie>
    <Movie>
      <ID>1000000432</ID>
      <Title>Abang Long Fadil 3</Title>
      <Rating>P13</Rating>
    </Movie>
    <Movie>
      <ID>1000000465</ID>
      <Title>The Invitation</Title>
      <Rating>P13</Rating>
    </Movie>
    <Movie>
      <ID>1000000479</ID>
      <Title>Ponniyin Selvan Part - 1 (Tamil)</Title>
      <Rating>P13</Rating>
    </Movie>
    <Movie>
      <ID>1000000504</ID>
      <Title>Rasuk</Title>
      <Rating>P13</Rating>
    </Movie>
    <Movie>
      <ID>1000000509</ID>
      <Title>Smile</Title>
      <Rating>18</Rating>
    </Movie>
    <Movie>
      <ID>1000000518</ID>
      <Title>Leio</Title>
      <Rating>P13</Rating>
    </Movie>
  </All_Titles>
  <Hall code="1">
    <Show>
      <ID>1000000509</ID>
      <Title>Smile</Title>
      <Date_Time>2022-09-29T10:30:00+08:00</Date_Time>
      <Tickets_Sold>2</Tickets_Sold>
      <FilmFormat>2D</FilmFormat>
      <Is_Ticket_Sold>1</Is_Ticket_Sold>
    </Show>
    <Show>
      <ID>1000000509</ID>
      <Title>Smile</Title>
      <Date_Time>2022-09-29T12:55:00+08:00</Date_Time>
      <Tickets_Sold>0</Tickets_Sold>
      <FilmFormat>2D</FilmFormat>
      <Is_Ticket_Sold>0</Is_Ticket_Sold>
    </Show>
    <Show>
      <ID>1000000518</ID>
      <Title>Leio</Title>
      <Date_Time>2022-09-29T15:20:00+08:00</Date_Time>
      <Tickets_Sold>0</Tickets_Sold>
      <FilmFormat>2D</FilmFormat>
      <Is_Ticket_Sold>0</Is_Ticket_Sold>
    </Show>
    <Show>
      <ID>1000000509</ID>
      <Title>Smile</Title>
      <Date_Time>2022-09-29T17:40:00+08:00</Date_Time>
      <Tickets_Sold>1</Tickets_Sold>
      <FilmFormat>2D</FilmFormat>
      <Is_Ticket_Sold>1</Is_Ticket_Sold>
    </Show>
    <Show>
      <ID>1000000509</ID>
      <Title>Smile</Title>
      <Date_Time>2022-09-29T20:05:00+08:00</Date_Time>
      <Tickets_Sold>0</Tickets_Sold>
      <FilmFormat>2D</FilmFormat>
      <Is_Ticket_Sold>0</Is_Ticket_Sold>
    </Show>
    <Show>
      <ID>1000000518</ID>
      <Title>Leio</Title>
      <Date_Time>2022-09-29T22:25:00+08:00</Date_Time>
      <Tickets_Sold>0</Tickets_Sold>
      <FilmFormat>2D</FilmFormat>
      <Is_Ticket_Sold>0</Is_Ticket_Sold>
    </Show>
    <Show>
      <ID>1000000367</ID>
      <Title>Air Force The Movie: Selagi Bernyawa</Title>
      <Date_Time>2022-09-30T10:30:00+08:00</Date_Time>
      <Tickets_Sold>0</Tickets_Sold>
      <FilmFormat>2D</FilmFormat>
      <Is_Ticket_Sold>0</Is_Ticket_Sold>
    </Show>
    <Show>
      <ID>1000000509</ID>
      <Title>Smile</Title>
      <Date_Time>2022-09-30T12:55:00+08:00</Date_Time>
      <Tickets_Sold>0</Tickets_Sold>
      <FilmFormat>2D</FilmFormat>
      <Is_Ticket_Sold>0</Is_Ticket_Sold>
    </Show>
    <Show>
      <ID>1000000518</ID>
      <Title>Leio</Title>
      <Date_Time>2022-09-30T15:20:00+08:00</Date_Time>
      <Tickets_Sold>0</Tickets_Sold>
      <FilmFormat>2D</FilmFormat>
      <Is_Ticket_Sold>0</Is_Ticket_Sold>
    </Show>
    <Show>
      <ID>1000000509</ID>
      <Title>Smile</Title>
      <Date_Time>2022-09-30T17:40:00+08:00</Date_Time>
      <Tickets_Sold>0</Tickets_Sold>
      <FilmFormat>2D</FilmFormat>
      <Is_Ticket_Sold>0</Is_Ticket_Sold>
    </Show>
    <Show>
      <ID>1000000509</ID>
      <Title>Smile</Title>
      <Date_Time>2022-09-30T20:05:00+08:00</Date_Time>
      <Tickets_Sold>0</Tickets_Sold>
      <FilmFormat>2D</FilmFormat>
      <Is_Ticket_Sold>0</Is_Ticket_Sold>
    </Show>
    <Show>
      <ID>1000000518</ID>
      <Title>Leio</Title>
      <Date_Time>2022-09-30T22:25:00+08:00</Date_Time>
      <Tickets_Sold>0</Tickets_Sold>
      <FilmFormat>2D</FilmFormat>
      <Is_Ticket_Sold>0</Is_Ticket_Sold>
    </Show>
    <Show>
      <ID>1000000509</ID>
      <Title>Smile</Title>
      <Date_Time>2022-10-01T10:30:00+08:00</Date_Time>
      <Tickets_Sold>0</Tickets_Sold>
      <FilmFormat>2D</FilmFormat>
      <Is_Ticket_Sold>0</Is_Ticket_Sold>
    </Show>
    <Show>
      <ID>1000000509</ID>
      <Title>Smile</Title>
      <Date_Time>2022-10-01T12:55:00+08:00</Date_Time>
      <Tickets_Sold>0</Tickets_Sold>
      <FilmFormat>2D</FilmFormat>
      <Is_Ticket_Sold>0</Is_Ticket_Sold>
    </Show>
    <Show>
      <ID>1000000518</ID>
      <Title>Leio</Title>
      <Date_Time>2022-10-01T15:20:00+08:00</Date_Time>
      <Tickets_Sold>0</Tickets_Sold>
      <FilmFormat>2D</FilmFormat>
      <Is_Ticket_Sold>0</Is_Ticket_Sold>
    </Show>
    <Show>
      <ID>1000000509</ID>
      <Title>Smile</Title>
      <Date_Time>2022-10-01T17:40:00+08:00</Date_Time>
      <Tickets_Sold>0</Tickets_Sold>
      <FilmFormat>2D</FilmFormat>
      <Is_Ticket_Sold>0</Is_Ticket_Sold>
    </Show>
    <Show>
      <ID>1000000509</ID>
      <Title>Smile</Title>
      <Date_Time>2022-10-01T20:05:00+08:00</Date_Time>
      <Tickets_Sold>0</Tickets_Sold>
      <FilmFormat>2D</FilmFormat>
      <Is_Ticket_Sold>0</Is_Ticket_Sold>
    </Show>
    <Show>
      <ID>1000000518</ID>
      <Title>Leio</Title>
      <Date_Time>2022-10-01T22:25:00+08:00</Date_Time>
      <Tickets_Sold>0</Tickets_Sold>
      <FilmFormat>2D</FilmFormat>
      <Is_Ticket_Sold>0</Is_Ticket_Sold>
    </Show>
    <Show>
      <ID>1000000509</ID>
      <Title>Smile</Title>
      <Date_Time>2022-10-02T10:30:00+08:00</Date_Time>
      <Tickets_Sold>0</Tickets_Sold>
      <FilmFormat>2D</FilmFormat>
      <Is_Ticket_Sold>0</Is_Ticket_Sold>
    </Show>
    <Show>
      <ID>1000000509</ID>
      <Title>Smile</Title>
      <Date_Time>2022-10-02T12:55:00+08:00</Date_Time>
      <Tickets_Sold>0</Tickets_Sold>
      <FilmFormat>2D</FilmFormat>
      <Is_Ticket_Sold>0</Is_Ticket_Sold>
    </Show>
    <Show>
      <ID>1000000518</ID>
      <Title>Leio</Title>
      <Date_Time>2022-10-02T15:20:00+08:00</Date_Time>
      <Tickets_Sold>0</Tickets_Sold>
      <FilmFormat>2D</FilmFormat>
      <Is_Ticket_Sold>0</Is_Ticket_Sold>
    </Show>
    <Show>
      <ID>1000000509</ID>
      <Title>Smile</Title>
      <Date_Time>2022-10-02T17:40:00+08:00</Date_Time>
      <Tickets_Sold>0</Tickets_Sold>
      <FilmFormat>2D</FilmFormat>
      <Is_Ticket_Sold>0</Is_Ticket_Sold>
    </Show>
    <Show>
      <ID>1000000509</ID>
      <Title>Smile</Title>
      <Date_Time>2022-10-02T20:05:00+08:00</Date_Time>
      <Tickets_Sold>0</Tickets_Sold>
      <FilmFormat>2D</FilmFormat>
      <Is_Ticket_Sold>0</Is_Ticket_Sold>
    </Show>
    <Show>
      <ID>1000000518</ID>
      <Title>Leio</Title>
      <Date_Time>2022-10-02T22:25:00+08:00</Date_Time>
      <Tickets_Sold>0</Tickets_Sold>
      <FilmFormat>2D</FilmFormat>
      <Is_Ticket_Sold>0</Is_Ticket_Sold>
    </Show>
  </Hall>
  <Hall code="2">
    <Show>
      <ID>1000000409</ID>
      <Title>One Piece Film Red</Title>
      <Date_Time>2022-09-29T11:15:00+08:00</Date_Time>
      <Tickets_Sold>2</Tickets_Sold>
      <FilmFormat>2D</FilmFormat>
      <Is_Ticket_Sold>1</Is_Ticket_Sold>
    </Show>
    <Show>
      <ID>1000000409</ID>
      <Title>One Piece Film Red</Title>
      <Date_Time>2022-09-29T13:45:00+08:00</Date_Time>
      <Tickets_Sold>0</Tickets_Sold>
      <FilmFormat>2D</FilmFormat>
      <Is_Ticket_Sold>0</Is_Ticket_Sold>
    </Show>
    <Show>
      <ID>1000000409</ID>
      <Title>One Piece Film Red</Title>
      <Date_Time>2022-09-29T16:15:00+08:00</Date_Time>
      <Tickets_Sold>3</Tickets_Sold>
      <FilmFormat>2D</FilmFormat>
      <Is_Ticket_Sold>1</Is_Ticket_Sold>
    </Show>
    <Show>
      <ID>1000000409</ID>
      <Title>One Piece Film Red</Title>
      <Date_Time>2022-09-29T18:45:00+08:00</Date_Time>
      <Tickets_Sold>0</Tickets_Sold>
      <FilmFormat>2D</FilmFormat>
      <Is_Ticket_Sold>0</Is_Ticket_Sold>
    </Show>
    <Show>
      <ID>1000000409</ID>
      <Title>One Piece Film Red</Title>
      <Date_Time>2022-09-29T21:15:00+08:00</Date_Time>
      <Tickets_Sold>8</Tickets_Sold>
      <FilmFormat>2D</FilmFormat>
      <Is_Ticket_Sold>1</Is_Ticket_Sold>
    </Show>
    <Show>
      <ID>1000000409</ID>
      <Title>One Piece Film Red</Title>
      <Date_Time>2022-09-29T23:45:00+08:00</Date_Time>
      <Tickets_Sold>0</Tickets_Sold>
      <FilmFormat>2D</FilmFormat>
      <Is_Ticket_Sold>0</Is_Ticket_Sold>
    </Show>
    <Show>
      <ID>1000000409</ID>
      <Title>One Piece Film Red</Title>
      <Date_Time>2022-09-30T11:15:00+08:00</Date_Time>
      <Tickets_Sold>4</Tickets_Sold>
      <FilmFormat>2D</FilmFormat>
      <Is_Ticket_Sold>1</Is_Ticket_Sold>
    </Show>
    <Show>
      <ID>1000000409</ID>
      <Title>One Piece Film Red</Title>
      <Date_Time>2022-09-30T13:45:00+08:00</Date_Time>
      <Tickets_Sold>0</Tickets_Sold>
      <FilmFormat>2D</FilmFormat>
      <Is_Ticket_Sold>0</Is_Ticket_Sold>
    </Show>
    <Show>
      <ID>1000000409</ID>
      <Title>One Piece Film Red</Title>
      <Date_Time>2022-09-30T16:15:00+08:00</Date_Time>
      <Tickets_Sold>0</Tickets_Sold>
      <FilmFormat>2D</FilmFormat>
      <Is_Ticket_Sold>0</Is_Ticket_Sold>
    </Show>
    <Show>
      <ID>1000000409</ID>
      <Title>One Piece Film Red</Title>
      <Date_Time>2022-09-30T18:45:00+08:00</Date_Time>
      <Tickets_Sold>0</Tickets_Sold>
      <FilmFormat>2D</FilmFormat>
      <Is_Ticket_Sold>0</Is_Ticket_Sold>
    </Show>
    <Show>
      <ID>1000000409</ID>
      <Title>One Piece Film Red</Title>
      <Date_Time>2022-09-30T21:15:00+08:00</Date_Time>
      <Tickets_Sold>2</Tickets_Sold>
      <FilmFormat>2D</FilmFormat>
      <Is_Ticket_Sold>1</Is_Ticket_Sold>
    </Show>
    <Show>
      <ID>1000000409</ID>
      <Title>One Piece Film Red</Title>
      <Date_Time>2022-10-01T11:15:00+08:00</Date_Time>
      <Tickets_Sold>2</Tickets_Sold>
      <FilmFormat>2D</FilmFormat>
      <Is_Ticket_Sold>1</Is_Ticket_Sold>
    </Show>
    <Show>
      <ID>1000000409</ID>
      <Title>One Piece Film Red</Title>
      <Date_Time>2022-10-01T13:45:00+08:00</Date_Time>
      <Tickets_Sold>0</Tickets_Sold>
      <FilmFormat>2D</FilmFormat>
      <Is_Ticket_Sold>0</Is_Ticket_Sold>
    </Show>
    <Show>
      <ID>1000000409</ID>
      <Title>One Piece Film Red</Title>
      <Date_Time>2022-10-01T16:15:00+08:00</Date_Time>
      <Tickets_Sold>0</Tickets_Sold>
      <FilmFormat>2D</FilmFormat>
      <Is_Ticket_Sold>0</Is_Ticket_Sold>
    </Show>
    <Show>
      <ID>1000000409</ID>
      <Title>One Piece Film Red</Title>
      <Date_Time>2022-10-01T18:45:00+08:00</Date_Time>
      <Tickets_Sold>0</Tickets_Sold>
      <FilmFormat>2D</FilmFormat>
      <Is_Ticket_Sold>0</Is_Ticket_Sold>
    </Show>
    <Show>
      <ID>1000000409</ID>
      <Title>One Piece Film Red</Title>
      <Date_Time>2022-10-01T21:15:00+08:00</Date_Time>
      <Tickets_Sold>0</Tickets_Sold>
      <FilmFormat>2D</FilmFormat>
      <Is_Ticket_Sold>0</Is_Ticket_Sold>
    </Show>
    <Show>
      <ID>1000000409</ID>
      <Title>One Piece Film Red</Title>
      <Date_Time>2022-10-02T11:15:00+08:00</Date_Time>
      <Tickets_Sold>0</Tickets_Sold>
      <FilmFormat>2D</FilmFormat>
      <Is_Ticket_Sold>0</Is_Ticket_Sold>
    </Show>
    <Show>
      <ID>1000000409</ID>
      <Title>One Piece Film Red</Title>
      <Date_Time>2022-10-02T13:45:00+08:00</Date_Time>
      <Tickets_Sold>0</Tickets_Sold>
      <FilmFormat>2D</FilmFormat>
      <Is_Ticket_Sold>0</Is_Ticket_Sold>
    </Show>
    <Show>
      <ID>1000000409</ID>
      <Title>One Piece Film Red</Title>
      <Date_Time>2022-10-02T16:15:00+08:00</Date_Time>
      <Tickets_Sold>0</Tickets_Sold>
      <FilmFormat>2D</FilmFormat>
      <Is_Ticket_Sold>0</Is_Ticket_Sold>
    </Show>
    <Show>
      <ID>1000000409</ID>
      <Title>One Piece Film Red</Title>
      <Date_Time>2022-10-02T18:45:00+08:00</Date_Time>
      <Tickets_Sold>2</Tickets_Sold>
      <FilmFormat>2D</FilmFormat>
      <Is_Ticket_Sold>1</Is_Ticket_Sold>
    </Show>
    <Show>
      <ID>1000000409</ID>
      <Title>One Piece Film Red</Title>
      <Date_Time>2022-10-02T21:15:00+08:00</Date_Time>
      <Tickets_Sold>0</Tickets_Sold>
      <FilmFormat>2D</FilmFormat>
      <Is_Ticket_Sold>0</Is_Ticket_Sold>
    </Show>
  </Hall>
  <Hall code="3">
    <Show>
      <ID>1000000465</ID>
      <Title>The Invitation</Title>
      <Date_Time>2022-09-29T11:00:00+08:00</Date_Time>
      <Tickets_Sold>0</Tickets_Sold>
      <FilmFormat>2D</FilmFormat>
      <Is_Ticket_Sold>0</Is_Ticket_Sold>
    </Show>
    <Show>
      <ID>1000000367</ID>
      <Title>Air Force The Movie: Selagi Bernyawa</Title>
      <Date_Time>2022-09-29T13:15:00+08:00</Date_Time>
      <Tickets_Sold>0</Tickets_Sold>
      <FilmFormat>2D</FilmFormat>
      <Is_Ticket_Sold>0</Is_Ticket_Sold>
    </Show>
    <Show>
      <ID>1000000504</ID>
      <Title>Rasuk</Title>
      <Date_Time>2022-09-29T15:30:00+08:00</Date_Time>
      <Tickets_Sold>0</Tickets_Sold>
      <FilmFormat>2D</FilmFormat>
      <Is_Ticket_Sold>0</Is_Ticket_Sold>
    </Show>
    <Show>
      <ID>1000000432</ID>
      <Title>Abang Long Fadil 3</Title>
      <Date_Time>2022-09-29T17:35:00+08:00</Date_Time>
      <Tickets_Sold>0</Tickets_Sold>
      <FilmFormat>2D</FilmFormat>
      <Is_Ticket_Sold>0</Is_Ticket_Sold>
    </Show>
    <Show>
      <ID>1000000504</ID>
      <Title>Rasuk</Title>
      <Date_Time>2022-09-29T20:00:00+08:00</Date_Time>
      <Tickets_Sold>0</Tickets_Sold>
      <FilmFormat>2D</FilmFormat>
      <Is_Ticket_Sold>0</Is_Ticket_Sold>
    </Show>
    <Show>
      <ID>1000000504</ID>
      <Title>Rasuk</Title>
      <Date_Time>2022-09-29T22:05:00+08:00</Date_Time>
      <Tickets_Sold>0</Tickets_Sold>
      <FilmFormat>2D</FilmFormat>
      <Is_Ticket_Sold>0</Is_Ticket_Sold>
    </Show>
    <Show>
      <ID>1000000504</ID>
      <Title>Rasuk</Title>
      <Date_Time>2022-09-30T00:10:00+08:00</Date_Time>
      <Tickets_Sold>0</Tickets_Sold>
      <FilmFormat>2D</FilmFormat>
      <Is_Ticket_Sold>0</Is_Ticket_Sold>
    </Show>
    <Show>
      <ID>1000000465</ID>
      <Title>The Invitation</Title>
      <Date_Time>2022-09-30T11:00:00+08:00</Date_Time>
      <Tickets_Sold>0</Tickets_Sold>
      <FilmFormat>2D</FilmFormat>
      <Is_Ticket_Sold>0</Is_Ticket_Sold>
    </Show>
    <Show>
      <ID>1000000367</ID>
      <Title>Air Force The Movie: Selagi Bernyawa</Title>
      <Date_Time>2022-09-30T13:15:00+08:00</Date_Time>
      <Tickets_Sold>0</Tickets_Sold>
      <FilmFormat>2D</FilmFormat>
      <Is_Ticket_Sold>0</Is_Ticket_Sold>
    </Show>
    <Show>
      <ID>1000000504</ID>
      <Title>Rasuk</Title>
      <Date_Time>2022-09-30T15:30:00+08:00</Date_Time>
      <Tickets_Sold>0</Tickets_Sold>
      <FilmFormat>2D</FilmFormat>
      <Is_Ticket_Sold>0</Is_Ticket_Sold>
    </Show>
    <Show>
      <ID>1000000432</ID>
      <Title>Abang Long Fadil 3</Title>
      <Date_Time>2022-09-30T17:35:00+08:00</Date_Time>
      <Tickets_Sold>0</Tickets_Sold>
      <FilmFormat>2D</FilmFormat>
      <Is_Ticket_Sold>0</Is_Ticket_Sold>
    </Show>
    <Show>
      <ID>1000000504</ID>
      <Title>Rasuk</Title>
      <Date_Time>2022-09-30T20:00:00+08:00</Date_Time>
      <Tickets_Sold>0</Tickets_Sold>
      <FilmFormat>2D</FilmFormat>
      <Is_Ticket_Sold>0</Is_Ticket_Sold>
    </Show>
    <Show>
      <ID>1000000465</ID>
      <Title>The Invitation</Title>
      <Date_Time>2022-10-01T11:00:00+08:00</Date_Time>
      <Tickets_Sold>0</Tickets_Sold>
      <FilmFormat>2D</FilmFormat>
      <Is_Ticket_Sold>0</Is_Ticket_Sold>
    </Show>
    <Show>
      <ID>1000000367</ID>
      <Title>Air Force The Movie: Selagi Bernyawa</Title>
      <Date_Time>2022-10-01T13:15:00+08:00</Date_Time>
      <Tickets_Sold>0</Tickets_Sold>
      <FilmFormat>2D</FilmFormat>
      <Is_Ticket_Sold>0</Is_Ticket_Sold>
    </Show>
    <Show>
      <ID>1000000504</ID>
      <Title>Rasuk</Title>
      <Date_Time>2022-10-01T15:30:00+08:00</Date_Time>
      <Tickets_Sold>0</Tickets_Sold>
      <FilmFormat>2D</FilmFormat>
      <Is_Ticket_Sold>0</Is_Ticket_Sold>
    </Show>
    <Show>
      <ID>1000000432</ID>
      <Title>Abang Long Fadil 3</Title>
      <Date_Time>2022-10-01T17:35:00+08:00</Date_Time>
      <Tickets_Sold>0</Tickets_Sold>
      <FilmFormat>2D</FilmFormat>
      <Is_Ticket_Sold>0</Is_Ticket_Sold>
    </Show>
    <Show>
      <ID>1000000504</ID>
      <Title>Rasuk</Title>
      <Date_Time>2022-10-01T20:00:00+08:00</Date_Time>
      <Tickets_Sold>0</Tickets_Sold>
      <FilmFormat>2D</FilmFormat>
      <Is_Ticket_Sold>0</Is_Ticket_Sold>
    </Show>
    <Show>
      <ID>1000000465</ID>
      <Title>The Invitation</Title>
      <Date_Time>2022-10-02T11:00:00+08:00</Date_Time>
      <Tickets_Sold>0</Tickets_Sold>
      <FilmFormat>2D</FilmFormat>
      <Is_Ticket_Sold>0</Is_Ticket_Sold>
    </Show>
    <Show>
      <ID>1000000367</ID>
      <Title>Air Force The Movie: Selagi Bernyawa</Title>
      <Date_Time>2022-10-02T13:15:00+08:00</Date_Time>
      <Tickets_Sold>0</Tickets_Sold>
      <FilmFormat>2D</FilmFormat>
      <Is_Ticket_Sold>0</Is_Ticket_Sold>
    </Show>
    <Show>
      <ID>1000000504</ID>
      <Title>Rasuk</Title>
      <Date_Time>2022-10-02T15:30:00+08:00</Date_Time>
      <Tickets_Sold>0</Tickets_Sold>
      <FilmFormat>2D</FilmFormat>
      <Is_Ticket_Sold>0</Is_Ticket_Sold>
    </Show>
    <Show>
      <ID>1000000432</ID>
      <Title>Abang Long Fadil 3</Title>
      <Date_Time>2022-10-02T17:35:00+08:00</Date_Time>
      <Tickets_Sold>0</Tickets_Sold>
      <FilmFormat>2D</FilmFormat>
      <Is_Ticket_Sold>0</Is_Ticket_Sold>
    </Show>
    <Show>
      <ID>1000000504</ID>
      <Title>Rasuk</Title>
      <Date_Time>2022-10-02T20:00:00+08:00</Date_Time>
      <Tickets_Sold>0</Tickets_Sold>
      <FilmFormat>2D</FilmFormat>
      <Is_Ticket_Sold>0</Is_Ticket_Sold>
    </Show>
  </Hall>
  <Hall code="4">
    <Show>
      <ID>1000000367</ID>
      <Title>Air Force The Movie: Selagi Bernyawa</Title>
      <Date_Time>2022-09-29T11:55:00+08:00</Date_Time>
      <Tickets_Sold>4</Tickets_Sold>
      <FilmFormat>2D</FilmFormat>
      <Is_Ticket_Sold>1</Is_Ticket_Sold>
    </Show>
    <Show>
      <ID>1000000367</ID>
      <Title>Air Force The Movie: Selagi Bernyawa</Title>
      <Date_Time>2022-09-29T14:10:00+08:00</Date_Time>
      <Tickets_Sold>0</Tickets_Sold>
      <FilmFormat>2D</FilmFormat>
      <Is_Ticket_Sold>0</Is_Ticket_Sold>
    </Show>
    <Show>
      <ID>1000000367</ID>
      <Title>Air Force The Movie: Selagi Bernyawa</Title>
      <Date_Time>2022-09-29T16:45:00+08:00</Date_Time>
      <Tickets_Sold>0</Tickets_Sold>
      <FilmFormat>2D</FilmFormat>
      <Is_Ticket_Sold>0</Is_Ticket_Sold>
    </Show>
    <Show>
      <ID>1000000409</ID>
      <Title>One Piece Film Red</Title>
      <Date_Time>2022-09-29T19:10:00+08:00</Date_Time>
      <Tickets_Sold>0</Tickets_Sold>
      <FilmFormat>2D</FilmFormat>
      <Is_Ticket_Sold>0</Is_Ticket_Sold>
    </Show>
    <Show>
      <ID>1000000367</ID>
      <Title>Air Force The Movie: Selagi Bernyawa</Title>
      <Date_Time>2022-09-29T21:40:00+08:00</Date_Time>
      <Tickets_Sold>0</Tickets_Sold>
      <FilmFormat>2D</FilmFormat>
      <Is_Ticket_Sold>0</Is_Ticket_Sold>
    </Show>
    <Show>
      <ID>1000000509</ID>
      <Title>Smile</Title>
      <Date_Time>2022-09-29T23:55:00+08:00</Date_Time>
      <Tickets_Sold>0</Tickets_Sold>
      <FilmFormat>2D</FilmFormat>
      <Is_Ticket_Sold>0</Is_Ticket_Sold>
    </Show>
    <Show>
      <ID>1000000479</ID>
      <Title>Ponniyin Selvan Part - 1 (Tamil)</Title>
      <Date_Time>2022-09-30T11:20:00+08:00</Date_Time>
      <Tickets_Sold>4</Tickets_Sold>
      <FilmFormat>2D</FilmFormat>
      <Is_Ticket_Sold>1</Is_Ticket_Sold>
    </Show>
    <Show>
      <ID>1000000479</ID>
      <Title>Ponniyin Selvan Part - 1 (Tamil)</Title>
      <Date_Time>2022-09-30T14:40:00+08:00</Date_Time>
      <Tickets_Sold>0</Tickets_Sold>
      <FilmFormat>2D</FilmFormat>
      <Is_Ticket_Sold>0</Is_Ticket_Sold>
    </Show>
    <Show>
      <ID>1000000479</ID>
      <Title>Ponniyin Selvan Part - 1 (Tamil)</Title>
      <Date_Time>2022-09-30T18:20:00+08:00</Date_Time>
      <Tickets_Sold>0</Tickets_Sold>
      <FilmFormat>2D</FilmFormat>
      <Is_Ticket_Sold>0</Is_Ticket_Sold>
    </Show>
    <Show>
      <ID>1000000479</ID>
      <Title>Ponniyin Selvan Part - 1 (Tamil)</Title>
      <Date_Time>2022-09-30T22:10:00+08:00</Date_Time>
      <Tickets_Sold>69</Tickets_Sold>
      <FilmFormat>2D</FilmFormat>
      <Is_Ticket_Sold>1</Is_Ticket_Sold>
    </Show>
    <Show>
      <ID>1000000479</ID>
      <Title>Ponniyin Selvan Part - 1 (Tamil)</Title>
      <Date_Time>2022-10-01T11:20:00+08:00</Date_Time>
      <Tickets_Sold>6</Tickets_Sold>
      <FilmFormat>2D</FilmFormat>
      <Is_Ticket_Sold>1</Is_Ticket_Sold>
    </Show>
    <Show>
      <ID>1000000479</ID>
      <Title>Ponniyin Selvan Part - 1 (Tamil)</Title>
      <Date_Time>2022-10-01T14:40:00+08:00</Date_Time>
      <Tickets_Sold>19</Tickets_Sold>
      <FilmFormat>2D</FilmFormat>
      <Is_Ticket_Sold>1</Is_Ticket_Sold>
    </Show>
    <Show>
      <ID>1000000479</ID>
      <Title>Ponniyin Selvan Part - 1 (Tamil)</Title>
      <Date_Time>2022-10-01T18:20:00+08:00</Date_Time>
      <Tickets_Sold>8</Tickets_Sold>
      <FilmFormat>2D</FilmFormat>
      <Is_Ticket_Sold>1</Is_Ticket_Sold>
    </Show>
    <Show>
      <ID>1000000479</ID>
      <Title>Ponniyin Selvan Part - 1 (Tamil)</Title>
      <Date_Time>2022-10-01T22:10:00+08:00</Date_Time>
      <Tickets_Sold>42</Tickets_Sold>
      <FilmFormat>2D</FilmFormat>
      <Is_Ticket_Sold>1</Is_Ticket_Sold>
    </Show>
    <Show>
      <ID>1000000479</ID>
      <Title>Ponniyin Selvan Part - 1 (Tamil)</Title>
      <Date_Time>2022-10-02T11:20:00+08:00</Date_Time>
      <Tickets_Sold>4</Tickets_Sold>
      <FilmFormat>2D</FilmFormat>
      <Is_Ticket_Sold>1</Is_Ticket_Sold>
    </Show>
    <Show>
      <ID>1000000479</ID>
      <Title>Ponniyin Selvan Part - 1 (Tamil)</Title>
      <Date_Time>2022-10-02T14:40:00+08:00</Date_Time>
      <Tickets_Sold>8</Tickets_Sold>
      <FilmFormat>2D</FilmFormat>
      <Is_Ticket_Sold>1</Is_Ticket_Sold>
    </Show>
    <Show>
      <ID>1000000479</ID>
      <Title>Ponniyin Selvan Part - 1 (Tamil)</Title>
      <Date_Time>2022-10-02T18:20:00+08:00</Date_Time>
      <Tickets_Sold>0</Tickets_Sold>
      <FilmFormat>2D</FilmFormat>
      <Is_Ticket_Sold>0</Is_Ticket_Sold>
    </Show>
    <Show>
      <ID>1000000479</ID>
      <Title>Ponniyin Selvan Part - 1 (Tamil)</Title>
      <Date_Time>2022-10-02T22:10:00+08:00</Date_Time>
      <Tickets_Sold>2</Tickets_Sold>
      <FilmFormat>2D</FilmFormat>
      <Is_Ticket_Sold>1</Is_Ticket_Sold>
    </Show>
  </Hall>
  <Hall code="5">
    <Show>
      <ID>1000000504</ID>
      <Title>Rasuk</Title>
      <Date_Time>2022-09-29T12:15:00+08:00</Date_Time>
      <Tickets_Sold>0</Tickets_Sold>
      <FilmFormat>2D</FilmFormat>
      <Is_Ticket_Sold>0</Is_Ticket_Sold>
    </Show>
    <Show>
      <ID>1000000409</ID>
      <Title>One Piece Film Red</Title>
      <Date_Time>2022-09-29T14:45:00+08:00</Date_Time>
      <Tickets_Sold>0</Tickets_Sold>
      <FilmFormat>2D</FilmFormat>
      <Is_Ticket_Sold>0</Is_Ticket_Sold>
    </Show>
    <Show>
      <ID>1000000409</ID>
      <Title>One Piece Film Red</Title>
      <Date_Time>2022-09-29T17:15:00+08:00</Date_Time>
      <Tickets_Sold>0</Tickets_Sold>
      <FilmFormat>2D</FilmFormat>
      <Is_Ticket_Sold>0</Is_Ticket_Sold>
    </Show>
    <Show>
      <ID>1000000409</ID>
      <Title>One Piece Film Red</Title>
      <Date_Time>2022-09-29T19:45:00+08:00</Date_Time>
      <Tickets_Sold>0</Tickets_Sold>
      <FilmFormat>2D</FilmFormat>
      <Is_Ticket_Sold>0</Is_Ticket_Sold>
    </Show>
    <Show>
      <ID>1000000409</ID>
      <Title>One Piece Film Red</Title>
      <Date_Time>2022-09-29T22:15:00+08:00</Date_Time>
      <Tickets_Sold>0</Tickets_Sold>
      <FilmFormat>2D</FilmFormat>
      <Is_Ticket_Sold>0</Is_Ticket_Sold>
    </Show>
    <Show>
      <ID>1000000509</ID>
      <Title>Smile</Title>
      <Date_Time>2022-09-30T10:30:00+08:00</Date_Time>
      <Tickets_Sold>0</Tickets_Sold>
      <FilmFormat>2D</FilmFormat>
      <Is_Ticket_Sold>0</Is_Ticket_Sold>
    </Show>
  </Hall>
  <Hall code="6">
    <Show>
      <ID>1000000409</ID>
      <Title>One Piece Film Red</Title>
      <Date_Time>2022-09-29T10:45:00+08:00</Date_Time>
      <Tickets_Sold>3</Tickets_Sold>
      <FilmFormat>2D</FilmFormat>
      <Is_Ticket_Sold>1</Is_Ticket_Sold>
    </Show>
    <Show>
      <ID>1000000409</ID>
      <Title>One Piece Film Red</Title>
      <Date_Time>2022-09-29T13:15:00+08:00</Date_Time>
      <Tickets_Sold>0</Tickets_Sold>
      <FilmFormat>2D</FilmFormat>
      <Is_Ticket_Sold>0</Is_Ticket_Sold>
    </Show>
    <Show>
      <ID>1000000409</ID>
      <Title>One Piece Film Red</Title>
      <Date_Time>2022-09-29T15:45:00+08:00</Date_Time>
      <Tickets_Sold>1</Tickets_Sold>
      <FilmFormat>2D</FilmFormat>
      <Is_Ticket_Sold>1</Is_Ticket_Sold>
    </Show>
    <Show>
      <ID>1000000409</ID>
      <Title>One Piece Film Red</Title>
      <Date_Time>2022-09-29T18:15:00+08:00</Date_Time>
      <Tickets_Sold>0</Tickets_Sold>
      <FilmFormat>2D</FilmFormat>
      <Is_Ticket_Sold>0</Is_Ticket_Sold>
    </Show>
    <Show>
      <ID>1000000409</ID>
      <Title>One Piece Film Red</Title>
      <Date_Time>2022-09-29T20:45:00+08:00</Date_Time>
      <Tickets_Sold>0</Tickets_Sold>
      <FilmFormat>2D</FilmFormat>
      <Is_Ticket_Sold>0</Is_Ticket_Sold>
    </Show>
    <Show>
      <ID>1000000409</ID>
      <Title>One Piece Film Red</Title>
      <Date_Time>2022-09-29T23:15:00+08:00</Date_Time>
      <Tickets_Sold>0</Tickets_Sold>
      <FilmFormat>2D</FilmFormat>
      <Is_Ticket_Sold>0</Is_Ticket_Sold>
    </Show>
  </Hall>
  <Hall code="7">
    <Show>
      <ID>1000000432</ID>
      <Title>Abang Long Fadil 3</Title>
      <Date_Time>2022-09-29T11:45:00+08:00</Date_Time>
      <Tickets_Sold>1</Tickets_Sold>
      <FilmFormat>2D</FilmFormat>
      <Is_Ticket_Sold>1</Is_Ticket_Sold>
    </Show>
    <Show>
      <ID>1000000432</ID>
      <Title>Abang Long Fadil 3</Title>
      <Date_Time>2022-09-29T14:05:00+08:00</Date_Time>
      <Tickets_Sold>7</Tickets_Sold>
      <FilmFormat>2D</FilmFormat>
      <Is_Ticket_Sold>1</Is_Ticket_Sold>
    </Show>
    <Show>
      <ID>1000000432</ID>
      <Title>Abang Long Fadil 3</Title>
      <Date_Time>2022-09-29T16:25:00+08:00</Date_Time>
      <Tickets_Sold>0</Tickets_Sold>
      <FilmFormat>2D</FilmFormat>
      <Is_Ticket_Sold>0</Is_Ticket_Sold>
    </Show>
    <Show>
      <ID>1000000432</ID>
      <Title>Abang Long Fadil 3</Title>
      <Date_Time>2022-09-29T18:45:00+08:00</Date_Time>
      <Tickets_Sold>0</Tickets_Sold>
      <FilmFormat>2D</FilmFormat>
      <Is_Ticket_Sold>0</Is_Ticket_Sold>
    </Show>
    <Show>
      <ID>1000000432</ID>
      <Title>Abang Long Fadil 3</Title>
      <Date_Time>2022-09-29T21:05:00+08:00</Date_Time>
      <Tickets_Sold>0</Tickets_Sold>
      <FilmFormat>2D</FilmFormat>
      <Is_Ticket_Sold>0</Is_Ticket_Sold>
    </Show>
    <Show>
      <ID>1000000432</ID>
      <Title>Abang Long Fadil 3</Title>
      <Date_Time>2022-09-29T23:25:00+08:00</Date_Time>
      <Tickets_Sold>0</Tickets_Sold>
      <FilmFormat>2D</FilmFormat>
      <Is_Ticket_Sold>0</Is_Ticket_Sold>
    </Show>
  </Hall>
  <Hall code="8">
    <Show>
      <ID>1000000367</ID>
      <Title>Air Force The Movie: Selagi Bernyawa</Title>
      <Date_Time>2022-09-29T11:00:00+08:00</Date_Time>
      <Tickets_Sold>0</Tickets_Sold>
      <FilmFormat>2D</FilmFormat>
      <Is_Ticket_Sold>0</Is_Ticket_Sold>
    </Show>
    <Show>
      <ID>1000000432</ID>
      <Title>Abang Long Fadil 3</Title>
      <Date_Time>2022-09-29T13:30:00+08:00</Date_Time>
      <Tickets_Sold>2</Tickets_Sold>
      <FilmFormat>2D</FilmFormat>
      <Is_Ticket_Sold>1</Is_Ticket_Sold>
    </Show>
    <Show>
      <ID>1000000432</ID>
      <Title>Abang Long Fadil 3</Title>
      <Date_Time>2022-09-29T16:05:00+08:00</Date_Time>
      <Tickets_Sold>4</Tickets_Sold>
      <FilmFormat>2D</FilmFormat>
      <Is_Ticket_Sold>1</Is_Ticket_Sold>
    </Show>
    <Show>
      <ID>1000000409</ID>
      <Title>One Piece Film Red</Title>
      <Date_Time>2022-09-29T18:30:00+08:00</Date_Time>
      <Tickets_Sold>0</Tickets_Sold>
      <FilmFormat>2D</FilmFormat>
      <Is_Ticket_Sold>0</Is_Ticket_Sold>
    </Show>
    <Show>
      <ID>1000000432</ID>
      <Title>Abang Long Fadil 3</Title>
      <Date_Time>2022-09-29T21:15:00+08:00</Date_Time>
      <Tickets_Sold>0</Tickets_Sold>
      <FilmFormat>2D</FilmFormat>
      <Is_Ticket_Sold>0</Is_Ticket_Sold>
    </Show>
    <Show>
      <ID>1000000367</ID>
      <Title>Air Force The Movie: Selagi Bernyawa</Title>
      <Date_Time>2022-09-30T11:00:00+08:00</Date_Time>
      <Tickets_Sold>0</Tickets_Sold>
      <FilmFormat>2D</FilmFormat>
      <Is_Ticket_Sold>0</Is_Ticket_Sold>
    </Show>
    <Show>
      <ID>1000000432</ID>
      <Title>Abang Long Fadil 3</Title>
      <Date_Time>2022-09-30T13:30:00+08:00</Date_Time>
      <Tickets_Sold>0</Tickets_Sold>
      <FilmFormat>2D</FilmFormat>
      <Is_Ticket_Sold>0</Is_Ticket_Sold>
    </Show>
    <Show>
      <ID>1000000367</ID>
      <Title>Air Force The Movie: Selagi Bernyawa</Title>
      <Date_Time>2022-10-01T11:00:00+08:00</Date_Time>
      <Tickets_Sold>0</Tickets_Sold>
      <FilmFormat>2D</FilmFormat>
      <Is_Ticket_Sold>0</Is_Ticket_Sold>
    </Show>
    <Show>
      <ID>1000000432</ID>
      <Title>Abang Long Fadil 3</Title>
      <Date_Time>2022-10-01T13:30:00+08:00</Date_Time>
      <Tickets_Sold>0</Tickets_Sold>
      <FilmFormat>2D</FilmFormat>
      <Is_Ticket_Sold>0</Is_Ticket_Sold>
    </Show>
    <Show>
      <ID>1000000367</ID>
      <Title>Air Force The Movie: Selagi Bernyawa</Title>
      <Date_Time>2022-10-02T11:00:00+08:00</Date_Time>
      <Tickets_Sold>0</Tickets_Sold>
      <FilmFormat>2D</FilmFormat>
      <Is_Ticket_Sold>0</Is_Ticket_Sold>
    </Show>
    <Show>
      <ID>1000000432</ID>
      <Title>Abang Long Fadil 3</Title>
      <Date_Time>2022-10-02T13:30:00+08:00</Date_Time>
      <Tickets_Sold>0</Tickets_Sold>
      <FilmFormat>2D</FilmFormat>
      <Is_Ticket_Sold>0</Is_Ticket_Sold>
    </Show>
  </Hall>
</Movies>