{
    "{ROOT}": {
        "production": {
            "planning": {},
            "milestones": {}
        },
        "data": {
            "some_data": {},
            "assets": {
                "group": {
                    "assembly": {
                        "something": {},
                        "something_else": {}
                    },
                    "scene": {
                        "something": {},
                        "something_else": {}
                    }
                },
                "asset": {
                    "prop": {
                        "something": {
                            "asset2": "#2"
                        },
                        "something_else": {
                            "Prop": {}
                        }
                    },
                    "char": {
                        "something": {
                            "toto": "#1",
                            "fafa": "#1"
                        },
                        "something_else": {
                            "Character": {}
                        }
                    },
                    "env": {
                        "something": {},
                        "something_else": {}
                    }
                },
                "random": {
                    "other_random": {
                        "toto": {},
                        "asset2": {},
                        "fafa": {}
                    }
                }
            },
            "shots": {
                "S001": {
                    "S001_02": "#7",
                    "S001_01": "#6"
                },
                "S002": {
                    "S002_01": "#8"
                }
            }
        },
        "deliveries": {
            "fromClient": {},
            "toClient": {}
        },
        "daily": {}
    }
}